Month,"Crude oil, average","Crude oil, Brent","Crude oil, Dubai","Crude oil, WTI","Coal, Australian","Coal, South African **","Natural gas, US","Natural gas, Europe **","Liquefied natural gas, Japan",Natural gas index,Cocoa,"Coffee, Arabica","Coffee, Robusta","Tea, avg 3 auctions","Tea, Colombo","Tea, Kolkata","Tea, Mombasa",Coconut oil,Groundnuts,Fish meal,Groundnut oil,Palm oil,Palm kernel oil,Soybeans,Soybean oil,Soybean meal,Rapeseed oil,Sunflower oil,Barley,Maize,Sorghum,"Rice, Thai 5% ","Rice, Thai 25% ","Rice, Thai A.1","Rice, Viet Namese 5%","Wheat, US SRW","Wheat, US HRW","Banana, Europe","Banana, US",Orange,Beef,"Meat, chicken","Meat, sheep","Shrimps, Mexican","Sugar, EU","Sugar, US","Sugar, world","Tobacco, US import u.v.","Logs, Cameroon","Logs, Malaysian","Sawnwood, Cameroon","Sawnwood, Malaysian",Plywood,"Cotton, A Index","Rubber, TSR20","Rubber, SGP/MYS",Phosphate rock,DAP,TSP,Urea ,Potassium chloride,Aluminum,"Iron ore, cfr spot",Copper,Lead,Tin,Nickel,Zinc,Gold,Platinum,Silver
2016M01,29.78,30.8,27.0,31.54,49.02,49.09,2.27,4.4,8.4,54.22,2.95,3.2,1.65,2.55,2.85,2.08,2.72,1152.0,1307.83,1498.6,1359.9,611.63,895.63,373.08,736.03,336.48,781.35,885.35,118.5,161.03,164.91,369.0,361,366.19,364.91,191.73,193.27,0.86,1.04,0.69,3.63,1.85,4.54,10.47,0.35,0.57,0.31,4730.96,380.21,251.76,690.7,785.62,461.78,1.52,1.08,1.23,122.6,327.13,334.0,233.88,301.5,1481.1,41.88,4471.79,1646.2,13808.08,8507.29,1520.36,1097.91,855.25,14.11
2016M02,31.03,33.2,29.5,30.39,50.27,50.33,1.96,3.97,8.56,48.43,2.92,3.26,1.63,2.35,2.83,1.75,2.48,1218.93,1280,1511.99,1317.26,679.17,986.9,373.75,767.24,323.29,779.88,898.19,114.82,159.68,164.91,384.0,374,377.38,360.13,188.43,187.03,0.93,1.05,0.69,3.86,1.77,4.51,10.8,0.36,0.56,0.29,4670.33,388.43,259.34,685.86,780.11,475.7,1.47,1.1,1.27,114.5,326,286.25,191.88,301.5,1531.26,46.83,4598.62,1765.75,15610.14,8298.5,1709.85,1199.5,919.35,15.17
2016M03,37.34,39.07,35.18,37.77,52.21,52.57,1.7,3.91,7.74,44.49,3.07,3.47,1.67,2.31,2.87,1.77,2.3,1440.48,1280,1443.58,1300.73,715.95,1210.6,380.97,765.61,319.13,766.26,859.19,112.99,159.14,160.5,384.0,375,374.9,360.2,189.69,191.07,0.94,1.01,0.68,4.03,1.85,4.48,10.67,0.36,0.58,0.34,4569.68,388.89,263.62,681.4,775.04,483.53,1.44,1.28,1.46,114.5,338.13,291.25,201.75,301.5,1531.01,56.2,4953.8,1802.19,16897.6,8717.25,1801.69,1245.14,967.73,15.47
2016M04,40.75,42.25,39.04,40.96,50.69,52.35,1.9,3.97,6.82,46.63,3.08,3.4,1.77,2.54,2.99,2.51,2.11,1580.95,1294.47,1474.33,1314.38,775.0,1299.05,395.14,794.13,346.19,808.51,875.95,112.53,164.41,162.26,395.0,386,383.53,371,192.76,187.39,0.94,0.99,0.71,3.96,1.93,4.56,10.53,0.37,0.62,0.34,4625.0,396.73,271.7,685.76,780.0,498.36,1.53,1.49,1.71,114.13,330.5,295.0,196.25,301.5,1571.23,60.92,4872.74,1732.27,17032.71,8878.86,1855.37,1242.26,994.19,16.36
2016M05,45.94,47.13,43.95,46.73,51.31,54.24,1.92,4.33,6.27,48.17,3.1,3.42,1.85,2.57,3.08,2.43,2.21,1439.5,1200,1500.81,1322.77,753.42,1218.25,422.55,795.64,421.64,805.59,881,112.07,168.96,158.51,433.0,415,414.38,377.31,189.85,171.96,0.93,0.99,0.76,4.04,2.06,4.71,10.47,0.37,0.6,0.38,4680.36,395.82,273.27,696.35,792.05,501.24,1.55,1.36,1.63,110.5,313.5,295.0,198.38,301.5,1550.63,55.13,4694.54,1707.8,16706.95,8660.35,1869.03,1260.95,1035.86,16.95
2016M06,47.69,48.48,45.83,48.75,52.85,58.59,2.57,4.76,6.4,58.11,3.12,3.65,1.89,2.65,2.96,2.58,2.41,1547.95,1195,1517.12,1365.86,718.18,1337.27,457.4,799.91,467.73,793.48,860.23,108.39,179.87,166.67,441.0,422,426.79,372.46,187.01,173.06,0.94,0.99,0.88,4.11,2.15,4.66,10.47,0.37,0.61,0.43,4809.95,393.16,282.26,681.12,774.72,517.73,1.63,1.26,1.49,110.5,306.63,285.0,142.63,301.5,1593.51,51.98,4641.97,1712.77,16966.69,8928.35,2026.19,1276.4,984.14,17.29
2016M07,44.13,45.07,42.62,44.69,61.24,62.39,2.79,4.67,6.76,60.66,3.05,3.79,2.0,2.77,3.18,2.7,2.43,1515.0,1327.78,1493.28,1415.37,678.16,1290,431.08,796.67,439.9,767.83,832.86,107.02,161.76,145.17,442.0,424,417.89,361.57,166.51,151.75,0.93,1.01,0.97,4.26,1.96,4.41,10.47,0.36,0.62,0.43,4856.58,387.35,285.98,630.42,717.06,524.55,1.79,1.28,1.59,110.5,305.2,281.0,181.0,282.5,1629.05,57.26,4864.9,1834.79,17826.23,10262.86,2183.25,1336.66,1087.5,19.99
2016M08,44.88,46.14,43.74,44.75,67.39,66.34,2.79,4.05,7.14,57.97,3.03,3.69,2.02,2.78,3.46,2.56,2.31,1575.0,1565.63,1539.99,1433.0,771.02,1423.7,412.17,824.42,398.7,817.52,830.35,95.53,150.15,152.67,415.0,403,393.78,347.46,159.28,149.18,0.9,1.04,0.96,4.24,1.74,4.67,10.84,0.37,0.63,0.44,4889.71,392.32,294.03,628.46,714.82,539.31,1.77,1.3,1.55,109.75,318.06,281.25,186.25,206.5,1639.28,60.89,4751.67,1835.52,18427.02,10335.99,2279.14,1340.17,1121.65,19.59
2016M09,45.04,46.19,43.74,45.2,72.72,68.33,2.97,4.25,7.54,61.38,2.88,3.89,2.14,2.79,3.6,2.44,2.33,1557.39,1550,1536.8,1433.0,797.85,1443.86,403.53,837.21,368.05,849.65,865.73,89.56,148.43,145.39,384.0,378,365.27,342.73,157.56,150.65,0.91,1.0,1.05,4.12,1.7,4.83,11.88,0.37,0.62,0.47,4957.02,392.42,292.15,630.04,716.62,535.87,1.72,1.36,1.57,109.0,320,287.0,187.3,206.5,1592.36,57.79,4722.2,1947.64,19499.52,10191.78,2292.31,1326.61,1046.71,19.36
2016M10,49.29,49.73,48.26,49.89,94.2,83.79,2.95,5.34,7.65,66.37,2.71,3.95,2.29,2.89,3.88,2.39,2.39,1473.57,1550,1487.98,1433.0,749.75,1331.19,401.87,861.26,361.88,914.14,873,91.86,152.26,148.7,369.0,365,349.9,336.39,164.37,151.75,0.9,0.97,1.06,4.04,1.59,4.82,12.29,0.36,0.63,0.49,4906.03,386.02,286.86,591.61,672.91,526.16,1.73,1.48,1.66,109.0,310,285.0,187.5,206.5,1665.9,59.09,4731.26,2024.49,20099.76,10259.74,2311.5,1266.55,959.14,17.66
2016M11,45.26,46.44,43.77,45.57,103.43,89.15,2.5,5.69,7.59,62.58,2.48,4.06,2.29,3.03,4.01,2.41,2.68,1553.41,1563.64,1459.81,1433.0,766.93,1512.95,397.76,885.11,357.0,918.26,873,91.86,151.8,144.29,365.0,357,339.59,338,167.28,150.65,0.86,0.96,1.14,4.3,1.76,5.03,12.49,0.35,0.63,0.45,4878.28,378.32,275.14,595.49,677.33,504.67,1.74,1.66,1.87,103.0,298,285.0,205.0,206.5,1737.11,73.1,5450.93,2180.58,21126.09,11128.91,2566.2,1238.35,955.14,17.41
2016M12,52.62,54.07,51.78,52.01,88.15,80.19,3.58,5.42,7.59,74.42,2.3,3.57,2.25,2.98,3.91,2.36,2.67,1727.14,1600,1423.35,1439.3,811.38,1666.43,416.07,916.7,355.95,930.43,873,91.86,152.45,153.11,373.0,364,354.42,341,161.17,141.83,0.83,0.96,1.08,4.14,1.86,5.12,13.2,0.34,0.64,0.41,4912.06,369.25,256.42,598.08,680.27,470.33,1.75,1.93,2.23,97.5,296.63,277.5,217.75,206.5,1727.74,80.02,5660.35,2209.84,21204.35,10972.27,2664.81,1157.36,918.38,16.43
2017M01,53.59,54.89,53.37,52.51,83.73,86.49,3.26,6.14,8.04,74.26,2.19,3.72,2.39,3.04,3.95,2.14,3.05,1818.64,1643.64,1397.52,1427.78,825.0,1737.27,412.0,876.85,371.05,890.82,873,91.86,159.99,156.2,377.0,369,355.91,336.55,173.61,153.22,0.83,1.0,0.94,4.07,1.94,5.05,13.41,0.35,0.65,0.45,4904.88,371.6,258.6,590.65,671.82,474.33,1.82,2.16,2.56,96.88,308,270.0,233.75,206.5,1791.24,80.41,5754.56,2242.62,20691.79,9971.46,2714.8,1192.1,971.15,16.9
2017M02,54.35,55.49,54.17,53.4,79.98,83.6,2.82,6.05,8.41,68.75,2.03,3.67,2.35,2.96,3.97,1.85,3.06,1688.25,1653.5,1350.87,1359.9,808.61,1566.5,394.53,839.6,373.6,874.38,873,91.86,162.86,157.08,367.0,361,348.75,335.34,181,155.06,0.83,1.05,0.9,4.23,1.94,5.12,13.64,0.35,0.67,0.45,4870.49,372.44,263.45,598.27,680.49,483.23,1.88,2.23,2.71,95.0,326,278.75,191.88,301.5,1860.75,89.44,5940.91,2311.5,19446.47,10643.3,2845.55,1234.2,1007.63,17.93
2017M03,50.9,51.97,51.16,49.58,80.9,79.11,2.89,5.0,8.25,64.42,2.06,3.53,2.35,2.87,4.01,1.69,2.92,1542.39,1641.3,1305.67,1398.98,778.7,1229.57,383.68,814.94,360.7,847.32,835.17,93.7,158.96,151.13,370.0,364,358.43,343.56,176.54,154.32,0.85,1.07,0.92,4.35,2.13,5.06,13.78,0.35,0.66,0.4,4864.71,374.05,263.48,591.23,672.48,483.27,1.91,1.97,2.35,97.5,325.63,288.0,223.5,206.5,1901.47,87.65,5824.63,2280.92,19875.2,10204.66,2776.88,1231.42,962.87,17.63
2017M04,52.16,52.98,52.45,51.06,83.65,78.89,3.08,5.01,8.76,67.18,1.96,3.43,2.28,3.03,4.05,2.18,2.87,1589.72,1600,1297.58,1421.4,752.06,1085.56,387.44,794.04,345.7,839.33,797.67,94.16,156.44,149.8,380.0,369,358.53,344.65,172.19,166.08,0.87,1.06,0.85,4.41,2.16,5.18,13.78,0.35,0.63,0.36,4708.62,374.96,270.34,605.27,688.44,495.87,1.92,1.65,2.21,95.63,313.13,285.0,207.88,206.5,1921.22,70.22,5683.9,2220.61,19910.32,9609.28,2614.92,1266.88,960.84,18.03
2017M05,49.89,50.87,50.31,48.5,74.42,74.41,3.12,5.06,9.1,68.16,1.98,3.31,2.17,3.2,4.02,2.63,2.94,1719.29,1593.04,1330.3,1453.05,762.75,1098.57,389.72,825.06,344.35,842.05,795,94.16,158.59,159.95,421.0,399,394.95,345,174.97,180.41,0.91,1.09,0.76,4.6,2.33,5.4,14.29,0.36,0.63,0.35,4582.06,386.75,265.28,619.4,704.52,486.59,1.95,1.53,2.1,92.5,309.25,275.0,178.75,206.5,1913.02,62.43,5599.56,2125.11,20200.33,9155.12,2590.21,1246.04,930.27,16.75
2017M06,46.17,46.89,46.44,45.17,81.09,79.2,2.94,4.89,8.88,64.96,2.0,3.16,2.25,3.24,3.95,2.63,3.14,1869.76,1592.27,1332.77,1463.07,735.14,1030.83,378.59,832.95,330.32,847.47,794.36,94.16,157.93,165.02,458.0,430,440.86,357.18,183.36,189.6,0.93,1.1,0.72,4.68,2.43,5.37,14.86,0.37,0.61,0.31,4517.45,392.95,268.39,613.17,697.44,492.29,1.87,1.44,1.72,92.5,310.3,275.0,191.0,206.5,1885.29,57.48,5719.76,2132.93,19658.84,8931.76,2573.4,1260.26,930.73,16.93
2017M07,47.66,48.69,47.63,46.65,87.49,81.69,2.96,5.0,8.86,65.75,1.99,3.3,2.31,3.23,3.86,2.83,2.99,1644.05,1485.71,1355.22,1496.94,720.48,1033.57,410.23,835.6,340.86,905.99,793,94.16,157.51,163.69,417.0,399,397.43,385.87,201.77,202.46,0.94,1.1,0.7,4.67,2.35,5.45,14.73,0.38,0.59,0.32,4515.01,402.75,264.62,622.32,707.85,485.38,1.85,1.52,1.75,92.5,313.75,275.75,181.0,207.25,1902.96,67.74,5985.12,2269.86,20223.48,9491.39,2787.19,1236.84,918.9,16.15
2017M08,49.94,51.37,50.43,48.03,98.58,87.84,2.88,5.48,8.92,67,1.99,3.3,2.3,3.26,4.13,2.77,2.9,1845.0,1432.61,1386.11,1510.17,717.95,1174.35,392.87,861.72,330.17,875.36,815.74,96.45,148.5,169.87,393.0,381,376.14,390.37,172.68,171.23,0.94,1.1,0.72,4.47,2.19,5.54,12.84,0.39,0.55,0.32,4432.19,413.25,270.96,621.22,706.59,497,1.75,1.55,1.84,88.75,320.75,280.5,192.63,215.5,2030.01,76.07,6485.63,2348.47,20521.0,10889.98,2980.73,1283.04,972.7,16.95
2017M09,52.95,55.16,53.86,49.83,97.82,92.26,2.96,5.96,8.64,70.17,2.0,3.23,2.19,3.28,4.27,2.62,2.96,1600.95,1382.14,1406.1,1504.65,754.25,1336.05,393.95,889.44,342.07,872.87,822.24,96.45,147.29,169.76,402.0,388,384.81,382,176.9,178.57,0.93,1.1,0.79,4.3,2.11,5.72,12.13,0.39,0.59,0.32,4395.36,417.2,268.93,637.66,725.29,493.27,1.78,1.61,1.86,85.0,325.9,283.2,219.0,215.5,2096.49,71.53,6577.17,2374.39,20796.62,11215.79,3116.86,1314.07,964.1,17.43
2017M10,54.92,57.62,55.58,51.56,97.11,91.43,2.86,6.18,8.31,69.77,2.1,3.1,2.17,3.29,4.19,2.64,3.06,1484.77,1325,1379.14,1481.11,746.79,1418.86,396.52,880.6,353.27,897.25,804.82,96.45,148.62,170.97,394.0,379,375.68,376.19,177.01,175.63,0.92,1.08,0.82,4.25,1.98,5.68,11.95,0.38,0.6,0.32,4513.14,411.57,263.62,632.53,719.45,483.53,1.73,1.46,1.64,80.0,322.38,283.5,252.5,215.5,2131.49,61.66,6807.6,2498.22,20376.09,11335.77,3264.6,1279.51,921.0,16.94
2017M11,59.93,62.57,60.58,56.65,96.64,91.39,2.99,6.69,8.45,73.88,2.13,3.11,2.01,3.23,4.11,2.61,2.98,1554.32,1259.55,1385.62,1502.29,728.86,1444.77,393.85,886.77,350.91,962.98,809.86,108.39,148.7,167.66,402.0,386,378.82,379.01,175.66,179.68,0.93,1.08,0.86,4.33,1.96,5.68,12.17,0.38,0.6,0.33,4594.48,410.87,263.85,633.44,720.49,483.96,1.77,1.43,1.57,80.0,344,295.0,280.0,215.5,2097.44,64.24,6826.55,2461.43,19557.52,11972.0,3229.31,1281.9,934.05,16.98
2017M12,61.19,64.21,61.41,57.94,100.81,95.48,2.76,7.14,8.65,73.29,1.92,3.03,1.93,3.13,4.11,2.5,2.79,1450.66,1231.43,1476.7,1510.17,679.17,1305.66,387.15,867.19,359.9,901.97,800.76,119.88,148.98,175.16,406.0,391,388.5,383.24,172.49,184.09,0.91,1.1,0.77,4.28,1.97,5.76,12.24,0.39,0.59,0.32,4629.98,414.33,263.62,642.21,730.46,483.53,1.88,1.46,1.65,80.0,357.25,308.75,214.63,215.5,2080.47,72.25,6833.89,2509.92,19476.37,11495.11,3195.95,1264.45,907.2,16.17
2018M01,66.23,68.99,66.02,63.67,106.45,97.48,3.86,6.66,9.34,84.82,1.95,3.06,1.95,3.1,4.16,2.19,2.96,1393.86,1180.22,1596.54,1433.0,703.45,1265,389.53,870.5,375.74,848.38,799.04,121.71,155.84,178.46,442.0,422,410.83,380.94,178.34,192.17,0.98,1.13,0.76,4.3,2.07,5.6,12.36,0.4,0.59,0.31,4649.44,426.69,268.3,661.09,751.94,492.12,2.01,1.5,1.72,80.0,360.38,320.0,219.63,215.5,2209.73,76.34,7065.85,2584.09,20696.91,12864.88,3441.52,1331.3,990.12,17.13
2018M02,63.46,65.42,62.79,62.17,105.95,92.68,2.67,6.72,9.83,71.03,2.12,3.0,1.97,3.0,4.1,1.91,2.99,1244.25,1160,1605.89,1433.0,709.44,1145.38,416.28,843.56,421.13,827.48,806,129.06,163.36,187.39,425.0,411,407.8,395.43,190.56,192.17,1.07,1.27,0.78,4.35,1.98,6.01,12.73,0.4,0.57,0.3,4628.17,432.53,275.8,670.09,762.18,505.88,1.95,1.46,1.72,82.5,370,320.0,232.5,215.5,2181.79,77.46,7006.52,2581.06,21651.55,13595.88,3532.9,1330.73,987.26,16.58
2018M03,64.17,66.45,63.29,62.76,96.66,89.5,2.7,6.7,10.11,71.46,2.5,2.98,1.94,2.84,3.95,1.75,2.81,1118.63,1227.05,1604.08,1435.63,706.19,1016.19,430.11,836.68,445.36,800.24,800.91,130.9,172.0,181.22,430.0,418,403.5,409.92,198.86,192.17,1.11,1.16,0.74,4.44,2.2,6.01,12.79,0.4,0.55,0.28,4741.49,431.69,280.72,669.38,761.37,514.9,2.03,1.44,1.76,84.7,378,324.0,232.5,215.5,2069.24,70.35,6799.18,2390.0,21211.94,13392.5,3269.18,1324.66,954.57,16.47
2018M04,68.79,71.63,68.43,66.32,93.69,92.32,2.78,6.93,10.09,73.52,2.62,2.96,1.95,2.95,3.88,2.28,2.69,1131.18,1379.76,1577.89,1444.03,701.18,1006.71,439.07,831.85,461.62,793.31,799.33,130.9,175.6,178.57,451.0,436,430.24,413.43,198.79,213.85,1.11,1.16,0.76,4.38,2.36,,12.83,0.4,0.55,0.27,4842.1,429.73,276.7,674.36,767.03,507.53,2.03,1.39,1.73,88.0,384.75,325.0,230.63,215.5,2254.69,65.75,6851.51,2352.41,21291.1,13938.1,3188.05,1334.76,924.05,16.65
2018M05,73.43,76.65,73.66,69.98,105.29,101.89,2.8,7.49,10.25,76.51,2.66,2.99,1.96,3.02,3.76,2.69,2.62,1027.75,1450,1513.28,1444.03,687.15,935.25,430.32,793.25,459.17,811.49,801.32,130.9,179.09,178.57,451.0,436,431.76,419,209.95,213.85,0.96,1.15,0.88,4.32,2.65,,12.9,0.39,0.54,0.27,4906.86,413.88,271.38,645.8,734.55,497.77,2.08,1.44,1.7,88.0,384.38,326.0,221.88,215.5,2299.67,66.1,6825.27,2360.93,20858.83,14366.49,3059.87,1303.45,904.73,16.49
2018M06,71.98,75.19,73.22,67.52,114.33,103.88,2.95,7.45,10.44,78.34,2.41,2.95,1.9,2.87,3.39,2.69,2.52,931.19,1503.33,1494.49,1461.87,656.5,865.71,394.44,788.57,421.33,838.02,775,130.9,165.07,161.93,427.0,415,408.6,443.1,206,219.36,0.92,1.16,0.84,4.24,2.72,,12.54,0.38,0.57,0.28,4932.79,408.8,270.59,636.79,724.31,496.32,2.15,1.38,1.56,86.8,391.6,335.2,224.0,215.5,2237.62,65.04,6965.86,2436.29,20660.52,15105.65,3088.57,1281.57,884.9,16.54
2018M07,72.67,74.44,72.72,70.84,119.57,106.02,2.83,7.6,10.44,77.5,2.36,2.88,1.86,2.89,3.41,2.76,2.49,916.25,1450.91,1496.33,1477.1,616.14,877.16,377.17,780.45,406.64,848.61,780.05,130.9,156.46,147.49,398.0,390,382.73,440.65,206.93,218.26,0.88,1.14,0.89,4.19,2.53,,12.24,0.38,0.56,0.26,4927.6,408.84,267.02,631.04,717.77,489.78,2.12,1.31,1.47,86.88,400.75,344.25,252.5,215.5,2082.24,64.56,6250.75,2207.02,19729.8,13793.86,2656.13,1237.71,832.0,15.72
2018M08,71.08,73.13,72.13,67.99,117.34,98.48,2.96,8.08,10.88,81.71,2.17,2.76,1.78,2.77,3.34,2.59,2.4,915.22,1405.45,1475.4,1477.1,614.75,900.22,376.77,761.82,388.04,853.67,763.23,127.68,162.37,165.57,405.0,393,393.5,401.56,217.44,236.63,0.84,1.11,0.84,4.11,2.22,,12.02,0.38,0.56,0.24,4983.92,404.11,268.1,617,701.8,491.76,2.08,1.34,1.47,87.5,409,357.6,260.0,215.5,2051.51,67.15,6051.05,2053.53,19228.77,13411.35,2512.0,1201.71,804.91,14.99
2018M09,75.36,78.86,77.02,70.21,114.16,102.14,2.98,9.52,11.3,89.17,2.19,2.67,1.69,2.67,3.25,2.35,2.41,897.13,1380,1492.69,1442.29,605.15,865.63,356.87,754.05,377.15,821.47,733.95,119.42,154.8,163.58,405.0,393,395.35,384.65,202.05,212.38,0.89,1.11,0.8,4.01,2.03,,11.53,0.38,0.56,0.25,4973.96,408.07,265.85,625.49,711.44,487.63,1.99,1.33,1.44,87.5,421.63,376.25,267.5,215.5,2026.46,68.44,6050.76,2022.91,18967.13,12510.35,2434.68,1198.39,804.79,14.27
2018M10,76.73,80.47,78.96,70.75,108.73,100.34,3.28,8.79,11.66,89.57,2.13,3.03,1.88,2.74,3.48,2.31,2.42,830.25,1265.22,1485.36,1431.7,589.8,794.49,367.96,751.58,379.31,850.29,718.04,119.42,160.26,158.95,409.0,397,390.39,389.8,209.1,213.48,0.91,1.12,0.75,3.86,2.03,,11.46,0.38,0.56,0.29,4940.23,402.05,263.85,623.52,709.21,483.96,1.91,1.32,1.43,91.25,420.75,385.0,270.0,215.5,2029.86,73.41,6219.59,1987.55,19121.48,12314.91,2673.67,1215.39,829.87,14.6
2018M11,62.32,65.17,65.11,56.67,100.73,91.58,4.13,8.27,11.7,97.36,2.19,3.02,1.84,2.7,3.36,2.39,2.36,759.26,1223.86,1479.22,1438.26,539.1,707.62,374.04,729.22,366.2,840.39,706.09,119.42,160.69,157.52,401.0,391,378.81,395.73,210.85,203.56,0.86,1.12,0.73,3.95,2.03,,11.66,0.37,0.55,0.28,4941.38,397.67,262.71,617.87,702.78,481.87,1.91,1.23,1.35,92.5,410.2,379.2,305.6,215.5,1938.51,73.26,6195.92,1937.11,19064.86,11239.72,2595.69,1220.65,846.19,14.35
2018M12,53.96,56.46,56.47,48.95,101.37,95.41,3.98,7.98,12,94.41,2.21,2.8,1.71,2.62,3.18,2.39,2.3,796.27,1212.63,1480.06,1434.58,535.02,738.36,380.53,727.88,361.02,827.02,703,119.42,167.44,163.8,404.0,395,379.33,399.52,217.81,211.28,0.84,1.13,0.72,4.19,2.09,,11.79,0.37,0.56,0.28,4923.56,398.55,265.43,607.47,690.95,486.85,1.9,1.26,1.44,99.17,389.67,368.33,276.67,215.5,1920.38,69.16,6075.32,1972.32,19259.58,10835.08,2616.29,1250.4,791.16,14.77
2019M01,56.58,59.27,58.96,51.52,98.56,91.29,3.08,7.26,12.01,80.06,2.26,2.83,1.72,2.54,3.23,2.12,2.26,773.07,1235.22,1486.35,1379.77,584.58,765,381.96,747.79,362.01,859.73,688.13,119.42,166.74,162.92,410.0,402,387.35,396.31,220.16,209.81,0.85,1.14,0.64,4.24,2.15,,11.79,0.37,0.56,0.28,4806.11,399.74,273.25,617.24,702.07,501.2,1.82,1.36,1.59,102.5,382.13,355.0,260.0,215.5,1853.72,76.16,5939.1,1997.14,20457.75,11523.09,2569.7,1291.75,806.77,15.62
2019M02,61.13,64.13,64.32,54.95,95.42,84.16,2.72,6.01,11.81,69.55,2.26,2.83,1.73,2.38,3.27,1.72,2.16,710.43,1367.5,1472.28,1370.06,602.97,694.67,380.33,772.82,353.34,829.7,700,119.42,169.52,170.42,408.0,401,386.25,367.95,217.25,218.99,0.87,1.16,0.63,4.28,2.09,,11.79,0.37,0.57,0.29,4782.91,397.32,269.71,623.14,708.77,494.7,1.79,1.4,1.65,102.5,357.38,343.75,250.63,215.5,1862.99,88.22,6300.49,2062.79,21263.95,12685.23,2707.19,1320.07,818.15,15.82
2019M03,63.79,66.41,66.8,58.15,93.12,78.81,2.94,5.18,11.29,67.91,2.2,2.73,1.7,2.38,3.38,1.63,2.13,678.56,1383.33,1476.02,1370.38,573.02,654.72,369.53,750.33,344.63,808.68,711.71,119.42,166.22,169.31,406.0,399,382.43,342.62,200.39,205.76,0.94,1.18,0.65,4.48,2.07,,11.79,0.37,0.58,0.28,4732.59,395.75,267.74,631.38,718.15,491.1,1.85,1.47,1.72,98.5,335.03,321.0,247.5,245.5,1871.21,86.47,6439.46,2046.46,21393.4,13026.27,2850.6,1300.9,842.81,15.3
2019M04,68.58,71.2,70.66,63.87,86.77,72.49,2.65,4.92,10.27,62.49,2.33,2.67,1.62,2.65,3.34,2.35,2.26,668.63,1318.5,1505.38,1377.61,588.45,636.23,359.84,733.77,341.53,805.96,713,136.41,161.49,165.46,413.0,404,391.3,341.11,197.33,199.52,0.93,1.16,0.57,4.7,2.09,,11.79,0.37,0.59,0.28,4673.14,393.44,266.66,624.77,710.63,489.12,1.92,1.5,1.72,97.5,323.75,310.0,247.5,265.5,1845.42,93.7,6438.36,1938.99,20604.3,12772.79,2932.65,1285.91,887.29,15.06
2019M05,66.83,70.53,69.13,60.84,82.32,68.93,2.63,4.34,10.15,59.42,2.32,2.66,1.57,2.73,3.09,2.71,2.39,661.17,1312.86,1511.52,1392.89,564.4,573.36,339.81,742.53,339.18,815.84,721.57,149.27,171.08,165.46,409.0,401,386.76,350.94,200.32,199.52,0.92,1.12,0.52,4.6,2.09,,11.79,0.37,0.58,0.27,4650.85,391.48,270.59,615.52,700.11,496.32,1.77,1.5,1.77,97.5,313.4,305.0,247.5,265.5,1781.26,100.15,6017.9,1815.19,19523.9,12016.31,2742.81,1283.7,833.55,14.66
2019M06,59.76,63.3,61.3,54.68,72.49,62.94,2.4,3.59,10.04,52.96,2.41,2.86,1.63,2.56,2.78,2.75,2.16,635.6,1315,1522.28,1391.97,552.19,542.24,358.95,742.89,362.6,840.01,725,149.27,195.08,157.74,420.0,411,394.2,358.82,222.41,206.13,0.89,1.13,0.54,4.63,2.07,,11.97,0.37,0.58,0.28,4607.04,395.22,275.39,607.52,691.01,505.14,1.71,1.5,1.93,97.5,314.88,293.75,247.5,265.5,1755.95,108.94,5882.23,1899.7,19193.2,11943.94,2601.22,1359.04,808.2,15.04
2019M07,61.48,64.0,62.91,57.52,72.08,65.79,2.36,3.62,10.13,52.73,2.42,2.99,1.63,2.58,2.84,2.9,2.0,657.31,1260,1496.12,1437.71,543.88,555.03,369.58,748.17,348.73,845.27,753.83,149.27,189.42,159.5,416.0,409,391.7,360.16,203.96,196.21,0.86,1.13,0.54,4.63,1.99,,12.95,0.37,0.57,0.28,4542.63,392.7,275.11,597.74,679.89,504.62,1.67,1.41,1.67,80.0,307.5,283.75,263.5,265.5,1796.99,120.24,5941.2,1975.64,17977.85,13546.3,2446.51,1412.89,843.95,15.79
2019M08,57.67,59.25,58.92,54.84,65.55,60.43,2.22,3.68,10.86,51.85,2.19,2.78,1.56,2.63,3.06,2.71,2.11,719.28,1252.38,1436.95,1457.89,586.12,619.33,360.93,793.21,337.36,877.48,776,135.03,163.59,147.93,430.0,421,407.52,362.39,197.52,181.15,0.83,1.12,0.53,4.6,1.9,,13.06,0.36,0.57,0.27,4523.13,389.41,280.19,581.98,661.96,513.93,1.56,1.31,1.5,78.0,292.9,275.0,262.5,265.5,1740.68,93.07,5709.44,2044.55,16608.99,15748.64,2273.01,1500.41,859.14,17.22
2019M09,60.04,62.33,60.84,56.95,65.95,61.37,2.58,4.21,10.14,58.19,2.31,2.84,1.56,2.54,2.88,2.53,2.22,724.03,1321.43,1385.38,1458.25,580.3,613.15,366.07,779.25,333.13,903.07,776,114.82,157.26,149.69,427.0,421,401.71,350.85,201.91,189.6,0.85,1.15,0.53,4.65,1.85,,13.23,0.36,0.57,0.26,4544.5,385.28,277.06,591.61,672.91,508.19,1.57,1.34,1.5,77.5,285.75,270.0,237.75,265.5,1753.51,93.08,5759.25,2071.85,16830.62,17656.88,2331.56,1510.58,944.7,18.16
2019M10,57.27,59.37,58.47,53.98,69.2,67.44,2.33,5.06,9.98,59.12,2.44,2.8,1.51,2.58,2.94,2.46,2.34,719.52,1358.7,1360.05,1458.53,591.35,593.74,381.65,770.8,341.76,908.67,776,114.82,167.15,163.8,424.0,418,397.04,325.79,212.85,199.52,0.86,1.13,0.52,4.86,1.85,,13.4,0.36,0.57,0.28,4447.39,386.86,275.34,605.36,688.55,505.04,1.63,1.3,1.43,77.5,277.38,270.0,237.0,265.5,1725.96,88.53,5757.3,2184.09,16603.39,17046.22,2451.65,1494.81,897.26,17.65
2019M11,60.4,62.74,61.41,57.06,66.99,73.62,2.65,5.15,10.04,63.47,2.52,3.11,1.62,2.61,3.19,2.36,2.3,848.92,1400,1360.93,1388.47,685.41,767.44,375.51,770.2,347.32,891.17,776,114.82,166.33,161.93,421.0,415,394.76,328.24,223.54,203.19,0.85,1.13,0.53,5.94,1.85,,13.68,0.36,0.6,0.28,4320.98,386.89,273.4,617.53,702.4,501.47,1.65,1.39,1.54,74.0,248,264.0,224.5,265.5,1774.79,84.98,5859.95,2021.15,16335.48,15171.81,2425.48,1470.79,901.8,17.17
2019M12,63.35,65.85,64.41,59.8,66.18,76.03,2.24,4.62,10.06,56.01,2.44,3.46,1.61,2.57,3.21,2.28,2.21,1031.29,1528.75,1362.61,1404.96,763.73,969.77,383.2,833.52,352.68,900.66,776,114.82,166.96,163.91,432.0,423,400.9,337.43,237.68,210.91,0.86,1.14,0.52,5.56,1.98,,13.95,0.36,0.57,0.3,4321.03,388.92,272.8,627.93,714.22,500.37,1.67,1.46,1.66,72.5,238.16,243.33,217.5,265.5,1771.38,92.65,6077.06,1900.54,17141.05,13829.42,2272.54,1479.13,924.25,17.14
2020M01,61.63,63.6,63.76,57.52,69.66,82.09,2.03,3.63,9.89,48.63,2.6,3.13,1.56,2.51,3.27,1.97,2.29,1003.72,1671.59,1374.37,1371.35,810.07,970.53,387.23,875.64,355.53,945.39,806.91,114.82,171.79,166.23,451.0,440,426,348.68,247.99,224.5,0.87,1.17,0.51,5.04,2.07,,14.0,0.36,0.57,0.31,4424.31,388.68,272.4,626.49,712.59,499.64,1.74,1.47,1.68,72.5,264.9,239.0,215.4,245.0,1773.09,95.76,6031.21,1923.93,17029.18,13506.86,2354.31,1560.67,987.36,17.97
2020M02,53.35,55.0,54.51,50.53,67.64,79.99,1.92,2.91,9.89,43.79,2.72,2.99,1.5,2.36,3.35,1.6,2.13,844.12,1718.75,1364.56,1393.46,728.81,801.84,375.63,800.41,354.14,902.34,823,114.82,168.71,164.13,450.0,442,426.45,357.42,238.98,215.32,0.9,1.18,0.52,4.72,1.88,,14.0,0.36,0.59,0.33,4443.29,381.82,270.56,621.08,706.43,496.28,1.69,1.34,1.61,72.5,279.38,245.0,214.38,245.0,1688.1,87.68,5687.75,1872.54,16480.3,12715.55,2113.24,1597.1,961.1,17.88
2020M03,32.2,32.98,33.75,29.88,66.74,67.89,1.79,2.72,10.21,41.61,2.34,3.27,1.49,2.13,3.08,1.33,1.99,837.72,1868.18,1400.08,1412.91,636.25,691.04,372.61,747.8,377.25,796.67,730,114.82,162.42,164.35,494.0,477,469.64,372.58,228.12,209.07,0.91,1.2,0.55,4.47,1.78,,14.0,0.36,0.6,0.26,4402.47,387.24,276.93,593.67,675.26,507.96,1.49,1.21,1.5,71.88,276.22,245.0,231.13,245.0,1610.89,88.99,5182.63,1734.44,15290.91,11846.23,1903.63,1591.93,759.0,14.88
2020M04,21.04,23.34,23.27,16.52,58.55,56.58,1.74,2.12,10.01,37.97,2.27,3.41,1.41,2.36,3.66,1.3,2.11,834.51,2050,1390.91,1527.27,608.88,720.69,361.26,679.98,363.83,758.96,732.1,114.82,146.91,166.67,564.0,536,543.7,407.14,221.69,218.99,0.9,1.28,0.58,4.45,1.27,,13.89,0.35,0.57,0.23,4345.34,380.38,276.24,594.96,676.73,506.68,1.4,1.11,1.33,70.75,282,245.0,235.0,245.0,1459.93,84.73,5057.97,1657.55,14952.8,11804.01,1903.37,1683.17,753.86,15.07
2020M05,30.38,31.02,31.56,28.56,52.49,57.42,1.75,1.58,10.08,35.6,2.32,3.3,1.42,2.51,3.76,1.79,1.97,832.33,2050,1394.65,1588.02,576.56,684.95,359.17,684.78,339.1,799.83,738.26,80.38,143.91,175.93,510.0,494,492.89,438.42,209.93,205.76,0.91,1.3,0.65,5.08,1.52,,12.55,0.36,0.57,0.24,4392.72,381.57,277.73,589.45,670.46,509.42,1.45,1.12,1.35,72.9,263,243.0,201.9,216.0,1466.37,93.65,5239.83,1626.34,15401.92,12179.61,1975.32,1715.91,790.22,16.26
2020M06,39.46,39.93,40.14,38.3,52.21,56.81,1.61,1.75,8.97,33.99,2.23,3.12,1.42,2.84,3.3,3.35,1.86,916.38,2050,1451.36,1712.82,656.49,724.62,369.58,755.71,345.17,850.98,788.36,80.38,147.99,170.86,520.0,501,493.64,449.46,200.5,198.42,0.9,1.3,0.65,5.1,1.57,,12.13,0.37,0.57,0.27,4401.82,393.93,276.67,599.95,682.39,507.48,1.49,1.17,1.4,75.0,273,240.0,202.0,202.5,1568.57,103.3,5754.6,1744.84,16837.84,12727.15,2025.71,1732.22,820.77,17.71
2020M07,42.07,42.81,42.64,40.75,51.56,56.6,1.74,1.8,7.79,34.91,2.1,3.24,1.49,3.04,3.32,3.99,1.81,888.31,1984.78,1486.92,1876.87,694.16,683.93,381.07,821.11,355.24,890.21,833.17,80.38,152.55,174.94,480.0,467,459.7,444.19,212.74,222.13,0.86,1.27,0.66,4.7,1.52,,12.52,0.37,0.59,0.27,4383.67,401.14,278.85,606.85,690.24,511.48,1.51,1.2,1.48,75.0,305.1,262.2,214.4,202.5,1643.81,108.52,6372.46,1817.93,17469.92,13402.3,2177.2,1846.51,864.64,20.65
2020M08,43.44,44.26,43.71,42.36,50.14,57.38,2.3,2.86,6.34,45.85,2.35,3.6,1.6,3.15,3.37,4.07,2.0,981.3,1929.76,1479.92,1876.96,760.3,739.17,384.55,866.94,374.95,921.55,877.14,80.38,149.34,189.49,505.0,486,480.85,448.91,208.94,223.0,0.9,1.25,0.62,4.63,1.5,,12.57,0.39,0.6,0.29,4353.37,413.98,280.77,629.13,715.59,515,1.54,1.32,1.7,76.88,341.88,276.25,249.5,202.5,1737.26,121.07,6498.94,1935.73,17650.03,14537.75,2410.05,1968.63,940.33,27.0
2020M09,40.6,41.09,41.1,39.6,54.6,57.47,1.92,3.95,5.88,46.07,2.46,3.67,1.6,3.08,3.35,3.86,2.03,1034.18,1663.64,1470.95,1880.71,796.22,767.84,423.41,905.86,408.43,938.14,982.38,,166.08,,507.0,488,483,462.66,219.68,247.68,0.91,1.24,0.61,4.6,1.47,,11.86,0.39,0.59,0.28,4220.37,412.79,282.02,621.89,707.36,517.29,1.56,1.37,1.86,79.38,358.38,282.5,250.5,202.5,1743.77,123.75,6704.9,1872.91,17951.26,14857.49,2442.46,1921.92,907.62,25.74
2020M10,39.9,40.47,39.7,39.53,58.4,61.04,2.25,4.89,6.18,54.72,2.29,3.35,1.51,3.0,3.51,3.5,1.98,1118.36,1532.73,1438.22,1877.59,819.27,805.91,454.25,914.77,465.55,927.71,981.4,,186.75,,471.0,463,454.5,459.17,245.2,272.36,0.9,1.13,0.61,4.42,1.5,,11.35,0.38,0.61,0.3,4245.4,411.95,282.99,621.65,707.08,519.06,1.65,1.53,2.19,80.0,357.1,290.0,245.0,202.5,1806.1,119.78,6713.81,1776.27,18176.59,15239.36,2440.65,1900.27,876.27,24.23
2020M11,42.3,43.23,42.58,41.1,64.4,69.43,2.59,4.84,6.86,59.06,2.36,3.32,1.6,2.78,3.47,2.88,1.99,1368.95,1607.14,1442.77,1878.61,917.81,1073.48,499.98,973.88,495.98,1047.78,1109.11,,190.38,,489.0,480,468.48,469.5,247.95,273.0,0.89,1.13,0.65,4.4,1.7,,11.53,0.39,0.65,0.31,4222.23,414.26,285.21,632.96,719.95,523.14,1.71,1.56,2.3,82.5,359.63,292.5,245.0,202.5,1935.28,124.36,7068.91,1915.62,18522.48,15807.73,2671.6,1866.3,911.55,24.08
2020M12,48.73,49.87,49.26,47.05,83.03,85.18,2.54,5.86,7.66,63.86,2.41,3.48,1.59,2.65,3.41,2.6,1.94,1464.96,1937.5,1497.69,1977.17,1016.37,1224.87,510.94,1026.2,494.98,1097.63,1170.02,,198.77,,520.0,508,496.55,477.39,251.15,268.55,0.92,1.15,0.64,4.4,1.81,,11.68,0.4,0.63,0.31,4200.4,425.85,286.86,643.93,732.43,526.16,1.79,1.57,2.33,83.33,388.5,320.0,245.0,202.5,2014.67,155.43,7772.24,2020.47,19731.96,16823.04,2779.85,1858.42,1028.0,24.97
2021M01,53.6,54.55,54.16,52.1,86.83,86.85,2.67,7.27,9,73.02,2.39,3.54,1.56,2.68,3.39,2.62,2.03,1463.07,1892.86,1495.98,1988.94,990.27,1368.31,576.37,1098.67,562.38,1141.24,1276.12,,234.47,,545.0,528,517.75,490.98,276.45,289.3,0.94,1.24,0.63,4.46,1.81,,11.75,0.4,0.63,0.34,4157.4,426.13,287.0,653.76,743.6,526.42,1.92,1.59,2.3,85.0,421.3,337.6,265.0,202.5,2003.98,169.63,7972.15,2014.73,21920.24,17863.18,2705.34,1866.98,1090.95,25.88
2021M02,60.46,61.96,60.37,59.06,86.74,82.76,5.07,6.16,9.88,97.48,2.41,3.67,1.62,2.56,3.32,2.33,2.02,1444.5,1875,1479.18,1993.21,1019.86,1359.5,578.26,1123.5,548.44,1272.13,1362.57,,245.24,,557.0,542,531,500.48,276.63,289.4,0.95,1.22,0.58,4.66,1.81,,11.93,0.4,0.66,0.36,4185.43,423.4,282.53,664.01,755.26,518.22,2.05,1.68,2.35,88.13,528.88,453.75,335.0,202.5,2078.59,163.8,8470.94,2080.11,26315.75,18584.38,2744.5,1808.17,1206.7,27.29
2021M03,63.83,65.19,63.95,62.35,94.92,90.66,2.56,6.13,7.9,65.62,2.46,3.68,1.63,2.43,3.27,2.02,2.0,1540.65,1623.04,1476.34,2006.04,1030.48,1478.59,585.71,1284.81,483.9,1321.88,1611.11,,245.17,,525.0,515,504.13,498.38,272.58,273.13,0.95,1.23,0.6,4.72,1.89,,12.28,0.39,0.67,0.34,4202.17,416.61,273.85,664.25,755.53,502.3,2.02,1.74,2.37,96.25,534.13,458.0,352.88,202.5,2190.48,168.18,8988.25,1948.0,27061.0,16406.66,2791.94,1718.23,1181.0,25.65
2021M04,62.95,64.77,62.37,61.71,92.22,89.13,2.61,7.15,8.28,71.28,2.37,3.72,1.64,2.67,3.21,2.88,1.92,1659.64,1426.82,1487.25,2020.64,1078.05,1487.14,597.13,1386.35,464.2,1312.33,1572.8,,268.23,,495.0,484,477.38,488.17,281.38,280.95,0.96,1.23,0.59,5.17,2.26,,12.49,0.39,0.69,0.36,4218.78,418.53,272.9,663.24,754.39,500.55,2.0,1.64,2.15,95.0,543.4,478.0,328.1,202.5,2319.39,179.83,9324.82,2011.92,28328.42,16521.25,2829.01,1760.04,1208.81,25.69
2021M05,66.4,68.04,65.98,65.18,107.04,99.31,2.89,8.91,8.92,83.47,2.41,4.11,1.76,2.71,3.08,3.14,1.92,1715.24,1450,1514.29,2072.04,1136.46,1530.5,646.8,1574.67,482.38,1531.38,1584.59,,305.31,,493.0,483,462.75,477.7,270.98,297.25,0.97,1.23,0.61,5.48,2.37,,12.65,0.4,0.71,0.38,4168.01,425.18,272.75,674.6,767.31,500.28,2.0,1.69,2.29,102.5,574.63,527.5,331.63,202.5,2433.53,207.72,10161.97,2181.81,32246.21,17577.06,2965.73,1850.26,1214.0,27.5
2021M06,71.8,73.07,70.96,71.38,129.97,112.92,3.23,10.3,9.62,94.73,2.37,4.24,1.87,2.7,2.93,3.34,1.82,1670.68,1450,1502.27,2078.83,1004.42,1400.45,614.68,1518.16,467.15,1527.59,1296.75,,292.56,,466.0,455,438.59,474,263.48,285.55,0.95,1.23,0.64,5.68,2.38,,13.4,0.39,0.73,0.38,4138.97,421.75,270.39,672.3,764.69,495.96,2.08,1.64,2.12,125.0,604.75,550.0,393.25,202.5,2446.65,214.43,9631.5,2191.03,32502.55,17979.57,2951.85,1834.57,1124.0,27.0
2021M07,73.28,74.39,73.0,72.46,151.97,122.33,3.8,12.51,10.36,112.68,2.33,4.5,2.08,2.65,2.99,3.2,1.76,1584.09,1456.82,1504.13,2092.19,1062.99,1274.09,600.44,1468.34,470.02,1410.08,1282.01,,278.43,,414.0,407,397,436.17,254.67,294.27,0.85,1.23,0.69,5.59,2.38,,15.86,0.39,0.8,0.39,4078.12,413.77,269.95,661.47,752.37,495.15,2.15,1.63,1.87,125.0,613,555.0,441.5,202.5,2497.64,214.14,9450.82,2337.51,34020.18,18818.51,2947.52,1807.84,1086.48,25.68
2021M08,68.87,70.02,68.85,67.73,169.58,137.92,4.05,15.43,10.8,129.82,2.48,4.77,2.1,2.72,2.99,3.0,2.16,1493.64,1443.18,1504.12,2102.29,1141.82,1341.14,585.8,1433.94,470.26,1519.19,1355.69,,256.61,,403.0,392,381,384.46,276.18,324.52,0.89,1.23,0.72,5.61,2.38,,15.76,0.38,0.76,0.43,3973.24,412.02,271.03,661.23,752.1,497.13,2.23,1.71,1.9,136.88,603.13,555.0,446.88,221.0,2602.99,162.16,9370.14,2414.47,35024.0,19141.3,2987.95,1785.28,1008.73,23.99
2021M09,72.8,74.6,72.24,71.56,185.69,146.05,5.11,22.84,11.44,178.4,2.56,4.97,2.31,2.73,2.98,2.98,2.22,1485.0,1476.14,1483.27,2109.02,1181.38,1427.27,557.55,1398.75,467.83,1629.14,1309.52,,235.62,,400.0,391,381.27,387.3,263.6,337.55,0.91,1.18,0.74,5.66,2.38,,14.67,0.38,0.79,0.43,4089.23,412.02,270.24,658.21,748.67,495.69,2.29,1.63,1.79,147.5,643.75,573.75,418.75,221.0,2834.56,124.52,9324.71,2248.3,34887.3,19376.88,3036.02,1775.14,973.19,23.19
2021M10,82.06,83.65,81.22,81.32,224.51,199.65,5.48,31.05,12.38,222.53,2.57,5.31,2.32,2.78,3.05,2.88,2.42,1922.86,1539.29,1461.66,2133.67,1310.25,1818.33,551.95,1483.52,450.85,1795.17,1420.53,,239.65,,401.0,395,382.71,404.46,,354.67,0.93,1.15,0.66,5.7,2.33,,14.47,0.38,0.82,0.42,4241.75,406.04,263.17,656.25,746.43,482.72,2.59,1.73,1.87,147.5,672.9,618.0,695.0,221.0,2934.39,122.91,9829.22,2344.83,37722.92,19362.39,3359.91,1776.85,1017.1,23.41
2021M11,79.92,80.77,79.8,79.18,157.48,128,5.02,27.62,15.25,202.59,2.39,5.71,2.41,2.83,3.11,2.91,2.48,1960.68,1552.27,1439.66,2150.21,1340.65,2050.23,551.04,1442.96,442.63,1825.34,1415.62,,248.72,,400.0,394,378.55,411.41,334.5,379.45,0.9,1.14,0.66,5.95,2.34,,14.49,0.37,0.82,0.43,4221.65,399.56,261.16,644.89,733.52,479.04,2.79,1.74,1.93,153.13,726.69,665.0,900.5,221.0,2636.45,96.24,9728.9,2329.98,39158.69,19932.86,3311.27,1821.76,1038.05,24.18
2021M12,72.87,74.31,72.76,71.53,169.65,142.5,3.73,38.03,15.32,236.49,2.38,5.91,2.48,2.82,3.19,2.67,2.62,1695.71,1475,1422.52,2154.06,1270.29,1861.43,554.14,1411.21,461.66,1742.5,1361.83,,264.54,,400.0,393,380.95,402.66,327.82,376.81,0.89,1.16,0.71,5.95,2.74,,14.62,0.37,0.81,0.42,4182.15,395.61,261.23,637.9,725.56,479.16,2.65,1.72,1.92,176.67,745,686.67,890.0,221.0,2695.53,116.96,9551.18,2301.69,39422.52,20015.55,3399.21,1790.43,944.59,22.53
