,Energy,Non_Energy,Agriculture,Agriculture_Beverages,Agriculture_Food,Agriculture_Oils_Meals,Agriculture_Grains,Agriculture_Other_Food,Raw_Materials,Raw_Materials_Timber,Raw_Materials_Other,Fertilizers,Metals_Minerals,Metals_Minerals_Base_Metals,Precious_Metals
1960M01,2.13,18.82,22.03,25.44,21.19,23.17,23.58,16.44,22.33,16.24,29,12.86,12.9,14.07,3.27
1960M02,2.13,18.68,21.81,25.14,20.89,22.48,23.43,16.49,22.36,16.24,29.05,12.86,12.93,14.11,3.27
1960M03,2.13,18.67,21.9,24.64,21.06,22.18,23.75,17.15,22.54,16.24,29.43,12.86,12.72,13.86,3.27
1960M04,2.13,18.83,22.04,24.86,21.23,22.41,23.49,17.64,22.56,16.24,29.48,12.86,12.93,14.12,3.27
1960M05,2.13,18.77,22.05,24.84,21.09,22.05,23.85,17.32,22.97,16.24,30.33,12.86,12.73,13.87,3.27
1960M06,2.13,18.58,21.74,24.74,20.68,21.69,23.43,16.86,22.8,16.24,29.98,12.86,12.75,13.9,3.27
1960M07,2.13,18.56,21.68,24.85,20.82,21.75,23.28,17.37,22.16,16.24,28.64,12.86,12.81,13.96,3.27
1960M08,2.13,18.54,21.73,24.82,21.07,22.09,23.8,17.28,21.74,16.24,27.76,12.86,12.65,13.77,3.27
1960M09,2.13,18.59,21.88,24.72,21.31,22.19,24.14,17.58,21.82,16.24,27.93,12.86,12.5,13.59,3.27
1960M10,2.13,18.11,21.22,24.79,20.32,21.46,23.24,16.18,21.59,16.24,27.44,12.86,12.32,13.37,3.27
1960M11,2.13,17.86,20.77,24.51,19.79,21.39,22.38,15.33,21.24,16.24,26.7,12.86,12.47,13.55,3.27
1960M12,2.13,18.07,21.11,23.81,20.52,22.21,22.76,16.25,21.18,16.24,26.58,12.86,12.41,13.48,3.27
1961M01,2.08,18.08,21.22,22.89,21.1,23.49,23.57,15.71,20.69,16.59,25.17,12.9,12.21,13.29,3.27
1961M02,2.08,18.38,21.65,22.94,21.81,25.31,23.59,15.6,20.61,16.59,25.02,12.9,12.29,13.39,3.27
1961M03,2.08,18.75,22.2,22.49,22.7,26.19,23.97,16.96,20.84,16.59,25.49,12.9,12.33,13.44,3.27
1961M04,2.08,18.92,22.44,22.13,23.11,27.61,23.5,16.82,20.97,16.59,25.77,12.9,12.39,13.51,3.27
1961M05,2.08,18.92,22.35,22.62,22.84,26.99,24.04,16.31,21.03,16.59,25.89,12.9,12.57,13.74,3.27
1961M06,2.08,18.65,21.98,22.68,22.33,25.48,23.77,16.86,20.79,16.59,25.39,12.9,12.48,13.62,3.27
1961M07,2.08,18.53,21.84,22.55,22.12,25.17,24.38,16.08,20.8,16.59,25.41,12.9,12.38,13.5,3.27
1961M08,2.08,18.39,21.62,22.6,21.74,24.55,24.18,15.84,20.82,16.59,25.45,12.9,12.4,13.52,3.27
1961M09,2.08,18.23,21.39,22.42,21.39,23.52,24.04,16.19,20.84,16.59,25.5,12.9,12.37,13.48,3.27
1961M10,2.08,18.2,21.35,22.33,21.41,23.18,25.21,15.66,20.71,16.59,25.22,12.9,12.34,13.45,3.27
1961M11,2.08,18.35,21.58,22.54,21.89,23.58,26.05,15.91,20.34,16.59,24.44,12.9,12.34,13.45,3.28
1961M12,2.08,18.36,21.59,23.16,21.74,23.75,25.63,15.58,20.43,16.59,24.63,12.9,12.35,13.47,3.38
1962M01,2.04,18.17,21.32,22.35,21.42,23.29,25.18,15.55,20.54,17.59,23.77,12.6,12.36,13.48,3.39
1962M02,2.04,18.23,21.41,22.77,21.43,23,25.36,15.82,20.68,17.59,24.06,12.6,12.34,13.45,3.37
1962M03,2.04,18.2,21.41,22.02,21.63,22.93,25.86,16.11,20.56,17.59,23.81,12.6,12.24,13.33,3.36
1962M04,2.04,18.22,21.45,22.2,21.68,22.99,26.34,15.75,20.49,17.59,23.66,12.6,12.23,13.32,3.36
1962M05,2.04,18.35,21.66,22.02,22.07,22.74,27.82,15.97,20.48,17.59,23.63,12.6,12.21,13.3,3.36
1962M06,2.04,18.27,21.55,21.94,21.98,22.51,27.59,16.2,20.31,17.59,23.29,12.6,12.19,13.26,3.37
1962M07,2.04,18.22,21.48,21.89,21.87,22.26,27.55,16.22,20.31,17.59,23.29,12.6,12.17,13.24,3.38
1962M08,2.04,18.13,21.35,21.96,21.7,22,27.25,16.3,20.17,17.59,22.98,12.6,12.15,13.22,3.43
1962M09,2.04,18.22,21.49,21.97,21.94,22.41,27.11,16.63,20.16,17.59,22.97,12.6,12.15,13.22,3.49
1962M10,2.04,18.06,21.24,21.69,21.52,21.79,27.09,16.14,20.33,17.59,23.33,12.6,12.17,13.24,3.54
1962M11,2.04,18.38,21.73,21.71,22.27,22.54,27.75,16.94,20.43,17.59,23.53,12.6,12.18,13.26,3.53
1962M12,2.04,18.36,21.7,22.07,22.09,22.71,26.92,16.91,20.55,17.59,23.78,12.6,12.18,13.25,3.53
1963M01,2.01,18.61,22.08,22.19,22.76,23.24,27.27,18.03,20.37,17.68,23.32,12.66,12.17,13.24,3.57
1963M02,2.01,18.77,22.33,22.3,23.17,23.47,27.58,18.78,20.3,17.68,23.17,12.66,12.18,13.25,3.58
1963M03,2.01,18.82,22.38,22.24,23.32,23.25,27.53,19.58,20.19,17.76,22.86,12.66,12.19,13.27,3.59
1963M04,2.01,19.04,22.73,22.58,23.8,22.94,27.56,21.53,20.18,17.76,22.84,12.66,12.22,13.3,3.58
1963M05,2.01,19.54,23.48,22.99,24.91,23.09,27.31,25.14,20.24,18,22.69,12.66,12.24,13.33,3.59
1963M06,2.01,19.49,23.4,22.48,24.94,23.35,27.25,24.93,20.14,17.92,22.58,12.66,12.25,13.35,3.59
1963M07,2.01,19.36,23.2,22.12,24.81,23.48,27.58,24.04,19.86,17.51,22.43,12.66,12.24,13.33,3.6
1963M08,2.01,18.96,22.58,22.04,23.97,23.12,27.36,22.03,19.49,17.09,22.12,12.66,12.26,13.35,3.6
1963M09,2.01,19.04,22.7,22.43,24.14,23.25,27.73,22.05,19.33,16.84,22.05,12.66,12.27,13.37,3.61
1963M10,2.01,19.76,23.72,22.81,25.77,24.22,27.54,26.2,19.22,16.5,22.2,12.66,12.43,13.56,3.61
1963M11,2.01,19.78,23.74,22.75,25.82,24.12,27.12,26.89,19.17,16.41,22.18,12.66,12.46,13.6,3.61
1963M12,2.01,19.71,23.58,22.83,25.57,24.4,27.18,25.66,19.14,16.67,21.85,12.66,12.56,13.72,3.61
1964M01,1.94,20.06,23.98,23.79,25.89,24.61,27.57,26.04,19.46,16.5,22.7,15.64,12.51,13.79,3.62
1964M02,1.94,19.81,23.48,23.48,25.09,24.01,26.98,24.8,19.58,16.5,22.95,15.64,12.74,14.07,3.62
1964M03,1.94,19.83,23.28,24.6,24.52,23.87,27.18,22.98,19.59,16.24,23.25,15.64,13.22,14.67,3.62
1964M04,1.94,20.09,23.36,24.2,24.82,23.32,27.64,24.26,19.36,15.81,23.25,15.64,13.91,15.51,3.62
1964M05,1.94,19.96,23.19,24.38,24.58,23.03,27.95,23.57,19.18,15.45,23.27,15.64,13.84,15.42,3.62
1964M06,1.94,19.69,22.78,24.58,23.89,23.17,27.66,21.42,19.16,15.45,23.22,15.64,13.8,15.38,3.62
1964M07,1.94,19.71,22.65,24.7,23.73,23.04,28.21,20.56,18.99,15.36,22.96,15.64,14.13,15.78,3.62
1964M08,1.94,19.8,22.46,24.82,23.4,23.2,27.97,19.52,18.97,15.36,22.91,15.64,14.82,16.64,3.62
1964M09,1.94,20.2,22.64,24.7,23.68,24.51,28.13,18.54,19.07,15.27,23.21,15.64,15.72,17.74,3.62
1964M10,1.94,20.58,22.73,24.59,23.8,25.37,27.45,18.43,19.18,15.27,23.44,15.64,16.75,19.01,3.62
1964M11,1.94,20.63,22.69,24.77,23.69,25.4,27.34,18.14,19.19,15.45,23.28,15.64,16.98,19.3,3.62
1964M12,1.94,20.51,22.77,24.18,23.89,26.65,27.56,16.94,19.33,15.81,23.18,15.64,16.41,18.6,3.62
1965M01,1.94,19.86,22.44,23.53,23.75,26.85,27.42,16.33,18.7,15.81,21.87,16.5,14.95,16.8,3.63
1965M02,1.94,20.47,22.93,23.21,24.34,28.23,27.12,16.71,19.34,16.67,22.27,16.5,15.89,17.96,3.65
1965M03,1.94,20.45,22.74,21.7,24.35,28.07,27.14,16.93,19.35,16.92,22,16.5,16.2,18.34,3.65
1965M04,1.94,20.67,22.8,21.3,24.41,28.15,26.96,17.16,19.66,17.34,22.2,16.5,16.77,19.04,3.65
1965M05,1.94,20.79,22.59,20.64,24.2,27.41,27.05,17.4,19.66,17.34,22.18,16.5,17.58,19.23,3.65
1965M06,1.94,20.4,22.5,21.08,24.03,27.52,26.78,16.97,19.49,17.34,21.84,16.5,16.52,18.73,3.65
1965M07,1.94,20.03,22.39,21.3,23.86,27.23,26.41,17.13,19.35,17.34,21.54,16.5,15.6,17.6,3.65
1965M08,1.94,19.92,22.03,22.69,23.02,25.33,26.41,16.92,19.26,17.34,21.36,16.5,15.99,18.07,3.65
1965M09,1.94,20.28,22.27,23.04,23.33,25.47,26.82,17.36,19.31,17.51,21.27,16.5,16.61,18.84,3.65
1965M10,1.94,20.41,22.29,23.36,23.33,25.51,26.26,17.8,19.25,17.51,21.14,16.5,17,19.31,3.65
1965M11,1.94,20.5,22.29,23.53,23.24,25.99,26.42,16.74,19.34,17.51,21.35,16.5,17.3,19.68,3.65
1965M12,1.94,20.69,22.46,24.51,23.27,25.55,27.43,16.51,19.42,17.51,21.51,16.5,17.56,20.01,3.65
1966M01,1.88,21.29,23.1,24.31,23.95,26.36,27.47,17.59,20.42,17.51,23.6,15.06,18.29,21.03,3.65
1966M02,1.88,21.55,23.02,23.72,23.89,26.38,27.47,17.38,20.56,17.76,23.62,15.06,19.27,22.24,3.65
1966M03,1.88,21.6,23.1,23.7,23.98,25.6,27.54,18.62,20.64,17.76,23.79,15.06,19.27,22.23,3.65
1966M04,1.88,21.77,23.3,24.31,24.31,25.63,28.33,18.92,20.33,17.59,23.33,15.06,19.38,22.37,3.65
1966M05,1.88,21.31,23.22,24.03,24.17,25.75,28.02,18.61,20.5,17.76,23.51,15.06,18.1,20.79,3.65
1966M06,1.88,21.47,23.4,22.98,24.75,27.08,29.07,17.77,20.35,17.76,23.18,15.06,18.25,20.97,3.65
1966M07,1.88,21.56,23.86,23.44,25.43,28.37,30.45,17.01,20.29,17.76,23.05,15.06,17.58,20.15,3.65
1966M08,1.88,21.15,24.16,23.35,25.94,28.77,31.32,17.36,20.26,17.76,23,15.06,15.66,17.78,3.65
1966M09,1.88,20.62,23.51,22.26,25.2,27.13,31.23,17.2,20.03,17.76,22.51,15.06,15.33,17.38,3.65
1966M10,1.88,20.63,23.17,22.34,24.53,25.67,31.13,17.05,20.28,17.76,23.05,15.06,16.07,18.29,3.65
1966M11,1.88,20.6,23.05,22.19,24.37,25.25,31.28,16.95,20.28,17.76,23.05,15.06,16.21,18.47,3.65
1966M12,1.88,20.52,23.14,22.68,24.45,25.89,30.58,17.02,20.18,17.76,22.83,15.06,15.77,17.92,3.65
1967M01,1.87,20.43,23.05,22.89,24.63,25.41,30.25,18.51,19.31,17.76,21.01,13.15,15.89,18.17,3.64
1967M02,1.87,20.39,23.05,23.37,24.5,24.97,30.64,18.31,19.36,17.92,20.94,13.15,15.77,18.03,3.66
1967M03,1.87,20.26,23.14,23.03,24.65,24.53,31.6,18.53,19.51,18.16,20.98,13.15,15.15,17.26,3.66
1967M04,1.87,20.13,23.21,23.15,24.75,24.32,31.48,19.21,19.52,18.16,21,13.15,14.61,16.6,3.66
1967M05,1.87,20.26,23.3,23.52,24.79,24.16,31.75,19.32,19.56,18.33,20.9,13.15,14.83,16.87,3.66
1967M06,1.87,20.44,23.64,23.88,25.23,24.81,32.08,19.6,19.63,18.33,21.05,13.15,14.72,16.74,3.67
1967M07,1.87,20.26,23.41,23.46,24.98,24.49,32.76,18.58,19.56,18.33,20.91,12.98,14.62,16.61,3.94
1967M08,1.87,20.14,23.12,23.31,24.58,24.21,32.03,18.33,19.46,18.33,20.7,12.98,14.86,16.9,4.09
1967M09,1.87,20.31,23.34,23.67,24.77,24.05,32.22,18.99,19.68,18.73,20.72,12.98,14.92,16.98,4.02
1967M10,1.87,20.46,23.38,23.4,24.79,23.87,32.16,19.34,19.93,19.13,20.81,12.98,15.32,17.47,4.12
1967M11,1.87,20.97,23.38,24.09,24.67,24.24,31.33,19.21,19.9,19.13,20.74,12.98,16.94,19.46,4.28
1967M12,1.87,20.48,22.95,23.72,24.01,23.18,31.08,18.71,19.98,19.13,20.9,12.98,16.26,18.63,4.39
1968M01,1.85,20.43,22.78,23.72,23.82,23.02,31.21,18.18,19.77,19.13,20.47,10.59,16.72,19.2,4.36
1968M02,1.85,21.06,22.99,23.47,24.28,23.05,31.72,19.17,19.61,19.13,20.14,10.59,18.3,21.16,4.26
1968M03,1.85,21.03,22.98,23.47,24.22,23.04,31.72,18.99,19.73,19.13,20.39,10.59,18.21,21.04,4.63
1968M04,1.85,20.13,22.71,23.55,23.78,22.8,30.27,19.21,19.67,19.13,20.27,10.59,15.94,18.24,4.7
1968M05,1.85,19.89,22.73,23.47,23.81,22.86,29.58,19.85,19.71,19.13,20.34,10.59,15.13,17.25,5.05
1968M06,1.85,19.71,22.21,23.41,23.11,22.14,29.1,18.96,19.43,18.33,20.63,10.59,15.61,17.84,5.16
1968M07,1.85,19.49,22.09,23.46,22.98,21.68,29.37,18.9,19.24,18.33,20.24,10.42,15.2,17.34,4.93
1968M08,1.85,19.21,21.64,23.64,22.2,20.65,28.64,18.4,19.26,18.33,20.28,10.42,15.22,17.36,4.8
1968M09,1.85,19.45,21.88,24.98,22.3,20.59,28.3,19.12,19.28,18.33,20.33,10.42,15.49,17.69,4.88
1968M10,1.85,19.41,21.89,25.59,22.22,20.51,27.73,19.48,19.2,18.33,20.16,10.42,15.33,17.5,4.59
1968M11,1.85,19.66,22.22,27.04,22.5,20.88,28.25,19.43,19.08,18.33,19.91,10.42,15.46,17.66,4.67
1968M12,1.85,19.97,22.48,27.47,22.86,21.31,28.25,20.01,19.02,18.33,19.78,10.42,15.9,18.2,4.7
1969M01,1.81,20.16,22.49,26.29,23.14,21.61,28.84,19.99,18.99,18.33,19.71,9.13,16.64,18.94,4.8
1969M02,1.81,20.29,22.55,26.11,23.2,21.59,28.68,20.36,19.16,18.33,20.06,9.13,16.93,19.29,4.68
1969M03,1.81,20.56,22.98,25.74,23.87,22.17,29,21.46,19.39,18.33,20.56,9.13,16.9,19.26,4.71
1969M04,1.81,20.73,22.96,25.19,23.92,21.71,29.16,22.09,19.49,18.33,20.76,9.13,17.48,19.97,4.67
1969M05,1.81,20.88,23.17,24.31,24.48,21.77,30.14,22.92,19.39,18.33,20.56,9.13,17.52,20.03,4.66
1969M06,1.81,21.2,23.43,25.34,24.65,21.73,30.57,23.15,19.48,18.33,20.75,9.13,18,20.61,4.43
1969M07,1.81,21.04,23.23,25.7,24.18,20.98,30.42,22.74,19.69,18.33,21.18,9.21,17.88,20.47,4.42
1969M08,1.81,21.26,23.18,26.01,24.01,21.23,29.3,22.87,19.74,18.33,21.29,9.21,18.69,21.46,4.41
1969M09,1.81,21.14,23.06,26.81,23.74,21.63,28.22,22.46,19.51,18.33,20.81,9.21,18.55,21.29,4.52
1969M10,1.81,21.48,23.55,28.63,24.16,23.02,28.19,22.01,19.48,18.33,20.73,9.21,18.64,21.4,4.58
1969M11,1.81,21.67,23.6,28.52,24.4,23.5,28.49,21.88,19.15,18.33,20.05,9.21,19.13,22.01,4.45
1969M12,1.81,21.93,23.81,27.81,24.89,25.47,27.92,21.37,19.18,18.33,20.12,9.21,19.52,22.48,4.2
1970M01,2.11,22.14,24.26,27.32,25.63,25.91,27.99,23.12,19.38,18.33,20.54,8.78,19.3,22.22,4.25
1970M02,2.11,22.21,24.3,27.3,25.59,26.23,27.56,22.97,19.65,18.83,20.54,8.78,19.45,22.41,4.27
1970M03,2.11,22.41,24.36,27.63,25.64,26.18,27.12,23.58,19.6,19.13,20.11,8.78,19.94,23.01,4.27
1970M04,2.11,22.53,24.55,28.15,25.86,26.94,26.83,23.56,19.53,19.17,19.93,8.78,19.95,23.02,4.27
1970M05,2.11,22.46,24.79,28.42,26.16,27.48,26.83,23.81,19.62,19.64,19.59,8.78,19.23,22.13,4.12
1970M06,2.11,22.27,24.85,28.28,26.27,27.78,26.98,23.64,19.66,19.91,19.39,8.78,18.51,21.25,4.06
1970M07,2.11,22.06,24.77,28.4,26.15,27.77,27.08,23.16,19.57,19.91,19.2,8.61,18.05,20.67,4.1
1970M08,2.11,21.76,24.55,28.17,25.82,26.77,27.45,23.09,19.61,19.91,19.28,8.61,17.54,20.04,4.21
1970M09,2.11,21.67,24.46,27.95,25.74,26.23,27.57,23.42,19.58,19.91,19.23,8.61,17.44,19.93,4.26
1970M10,2.11,21.75,24.84,27.63,26.51,27.8,27.8,23.67,19.36,19.91,18.77,8.61,16.9,19.27,4.29
1970M11,2.11,21.79,25.05,26.72,26.91,28.76,28.08,23.43,19.68,19.91,19.43,8.61,16.6,18.89,4.3
1970M12,2.11,21.66,24.97,26.32,26.85,28.48,28.07,23.6,19.72,19.91,19.51,8.61,16.37,18.61,4.18
1971M01,2.66,21.56,24.88,24.65,27.1,28.7,28.17,24.03,19.61,19.91,19.29,8.33,16.26,18.4,4.21
1971M02,2.66,21.42,24.64,24.47,26.81,28.29,27.17,24.52,19.47,19.91,18.99,8.33,16.29,18.43,4.21
1971M03,2.66,21.6,24.6,24.66,26.72,28.39,26.7,24.54,19.42,19.91,18.9,8.33,16.95,19.25,4.29
1971M04,2.66,21.77,24.59,26.1,26.36,27.52,26.46,24.75,19.51,19.91,19.08,8.33,17.51,19.93,4.35
1971M05,2.66,21.5,24.52,25.64,26.21,26.94,27.18,24.38,19.85,19.87,19.82,8.33,16.81,19.07,4.39
1971M06,2.66,21.42,24.47,25.11,26.31,27.54,27.17,23.9,19.68,19.58,19.78,8.33,16.64,18.86,4.31
1971M07,2.76,21.73,24.83,25.32,26.98,29.18,27.31,23.79,19.36,19.2,19.53,8.7,16.86,19.13,4.34
1971M08,2.76,21.86,25,25.16,27.26,29.7,27.38,23.93,19.44,19.27,19.61,8.7,16.91,19.2,4.45
1971M09,2.76,21.54,24.55,24.75,26.49,27.86,27.83,23.48,19.74,19.54,19.96,8.7,16.81,19.07,4.25
1971M10,2.76,21.5,24.52,24.5,26.45,27.52,27.81,23.82,19.84,19.67,20.03,8.7,16.76,19.02,4.2
1971M11,2.76,21.37,24.36,24.56,26.28,27.32,27.59,23.71,19.59,19.1,20.13,8.7,16.67,18.89,4.21
1971M12,2.76,21.64,24.56,24.98,26.51,26.34,27.48,25.87,19.59,19.06,20.16,8.7,17.13,19.47,4.32
1972M01,2.87,22.12,24.96,25.83,26.89,25.79,25.7,29.42,19.81,18.75,20.96,11.46,17.5,19.92,4.54
1972M02,2.87,22.18,24.95,25.95,26.72,24.81,25.71,30.15,20.12,19.26,21.07,11.46,17.73,20.21,4.73
1972M03,2.87,22.59,25.56,26.24,27.64,26.77,25.92,30.33,20.16,19.78,20.57,11.46,17.76,20.24,4.76
1972M04,2.87,22.62,25.54,26.36,27.67,27.75,26.14,28.94,19.97,19.66,20.31,11.46,17.89,20.4,4.84
1972M05,2.87,22.25,25.48,26.85,27.49,27.56,26.48,28.32,19.9,19.37,20.48,11.46,16.86,19.13,5.21
1972M06,2.87,21.87,25.22,27.16,27.16,27.01,26.34,28.08,19.53,18.86,20.25,11.46,16.2,18.32,5.67
1972M07,2.98,21.72,25.18,28.52,27.05,27.44,26.71,26.83,18.96,18.37,19.61,12.31,15.68,17.68,6.06
1972M08,2.98,22,25.58,28.12,27.84,27.54,28.28,27.83,18.81,18.44,19.22,12.31,15.76,17.78,6.26
1972M09,2.98,22.49,26.31,27.72,29.15,28.19,31.29,28.49,18.67,18.47,18.89,12.31,15.83,17.86,6.1
1972M10,2.98,22.52,26.71,27.71,29.58,28.05,32.43,29.02,19.24,18.49,20.05,12.31,15.08,16.94,6.09
1972M11,2.98,23.16,27.46,27.64,30.72,30.06,33.49,29.09,19.45,18.49,20.49,12.31,15.59,17.56,5.99
1972M12,2.98,24.99,30.24,27.94,34.73,34.18,37.48,32.98,20.49,19.64,21.43,12.31,15.68,17.68,6.19
1973M01,3.4,27.07,32.76,34.23,37.04,37.45,40.55,33.33,21.59,21.12,22.11,18.81,16.33,18.48,6.3
1973M02,3.4,29.17,35.55,35.99,40.3,44.45,40.65,34.52,23.77,24.86,22.58,18.81,17.27,19.63,7.1
1973M03,3.4,30.2,36.33,35.83,40.71,44.81,41.11,34.97,25.93,27.47,24.24,18.81,18.94,21.69,7.84
1973M04,3.68,30.52,36.58,35,41.28,46.86,40.93,34.25,25.97,26.72,25.14,18.81,19.42,22.29,8.13
1973M05,3.68,33.24,40.75,36.03,48.02,61.18,43.57,34.72,25.51,24.46,26.65,18.81,19.46,22.34,9.04
1973M06,3.68,37.11,46,36.27,56.31,78.9,47.03,34.98,25.91,22.93,29.16,18.81,20.95,24.17,10.4
1973M07,4.06,40.15,49.51,35.85,61.08,81.71,58.67,36.12,28.34,23.09,34.08,20.57,23.18,26.92,10.49
1973M08,4.06,40.17,49.32,35.44,60.05,67.25,73.48,38.42,30.31,24.91,36.2,20.57,23.63,27.47,9.57
1973M09,4.06,37.02,44.96,35.49,52.29,51.94,69.7,37.01,31.94,26.55,37.83,20.57,22.6,26.21,9.37
1973M10,5.56,37.11,44.47,36.03,51,50.95,66.22,37.31,32.9,28.38,37.83,20.57,23.89,27.79,9.39
1973M11,5.56,38.88,46.08,36.08,53.76,51.34,75.04,37.69,32.49,28.16,37.22,20.57,26.21,30.65,9.04
1973M12,5.56,41.42,50.09,36.37,58.57,58.44,79.37,39.91,36.46,32.54,40.75,20.57,26.02,30.42,10.05
1974M01,15.97,44.48,53.31,43.12,61.83,61.52,81.96,44.04,37.79,32.32,43.76,61.04,24.48,28.04,11.95
1974M02,15.97,47.5,56.85,44.9,67.6,65.43,88.69,51.38,36.79,32.85,41.1,63.43,26.51,30.54,14.92
1974M03,15.97,47.67,55.35,45,65.44,63.24,86.05,49.69,36.08,33.25,39.17,64.68,30,34.84,16.05
1974M04,13.4,47.16,53.18,46.22,62.26,58.12,82.03,49.8,34.67,32.16,37.41,66.9,32.56,38,16.02
1974M05,13.4,46.7,52.72,46.04,62.13,57.13,79.22,53.25,33.23,30.47,36.25,67.63,31.98,37.29,15.83
1974M06,13.4,45.53,52.13,46.49,61.81,56.69,79.81,52.23,31.48,28.73,34.48,73.5,28.84,33.42,14.78
1974M07,12.76,45.87,54.12,46.3,65.19,61.82,80.18,56.07,31.2,29.58,32.97,73.84,25.77,29.63,13.63
1974M08,12.76,48.45,57.88,43.98,71.84,71.23,83.15,62.41,31.01,28.86,33.35,73.86,26.23,30.19,14.38
1974M09,12.76,47.38,57.19,41.88,71.82,68.22,82.23,67.13,29.43,26.83,32.27,75.46,24.08,27.55,13.84
1974M10,13.08,49.83,61.25,42.33,78.77,77.78,86.2,73.36,28.28,25.3,31.55,75.36,23.5,26.84,15.02
1974M11,13.08,50.43,62.15,43.03,80.71,70.33,81.4,93.73,26.81,24.02,29.86,75.68,23.51,26.84,16.35
1974M12,13.08,47.66,58.17,43.15,73.91,65.9,80.05,78.9,27.58,25.49,29.85,74.77,23.01,26.22,16.2
1975M01,13.84,43.91,52.93,38.58,66.31,57.21,72.23,72.92,27.72,26.11,29.48,58.18,23.79,26.56,15.53
1975M02,13.84,41.4,48.9,37.82,60.13,50.17,68.71,65.47,27.23,24.43,30.28,57.33,24.21,27.08,15.88
1975M03,13.84,40.14,46.73,36.66,56.36,48.69,67.51,56.38,28.43,26.02,31.06,57.11,24.72,27.71,15.74
1975M04,13.84,39.73,46.44,37.8,55.62,48.37,66.8,55.05,28.54,25.79,31.55,54.39,24.28,27.17,15.07
1975M05,13.84,37.36,43.16,37.01,50.33,43.04,63.86,47.66,28.88,25.82,32.23,52.01,23.78,26.55,15.22
1975M06,13.84,36.22,41.67,38.46,47.58,41.88,61.87,42.13,28.93,25.7,32.45,50.02,23.48,26.18,14.98
1975M07,13.85,37.45,43.83,41.44,50.36,45.87,63.09,44.73,29.2,25.56,33.18,49.04,23.05,25.65,15.24
1975M08,13.85,39.77,47.4,46.67,54.67,50.57,68.77,47.32,30.08,26.36,34.15,49.04,23.08,25.69,15.34
1975M09,13.85,38.46,45.57,45.67,52.04,46.92,67.82,44.5,29.79,26.06,33.86,48.98,22.7,25.22,13.76
1975M10,13.88,37.42,44.25,45.04,50.14,44.79,65.9,42.93,29.52,25.79,33.6,47.09,22.33,24.76,13.49
1975M11,13.88,35.86,41.89,43.84,46.41,40.77,61.28,40.39,29.9,26.31,33.83,46.51,22.29,24.72,13.44
1975M12,13.88,35.66,41.62,45.1,45.39,39.9,59.15,40.17,30.67,26.65,35.07,44.85,22.39,24.84,13.01
1976M01,15.19,36.22,42.85,50.08,45.8,39.78,57.83,42.84,31.99,27.25,37.17,28.34,23.52,25.36,12.47
1976M02,15.19,36.8,43.74,51.9,46.29,40.64,57.94,43.18,33.4,28.27,39.01,27.09,23.66,25.53,12.49
1976M03,15.19,37.26,44.37,51.66,47.04,40.8,57.56,45.73,34.16,28.76,40.07,26.29,23.93,25.87,12.69
1976M04,15.2,38.3,45.43,62.86,46.2,39.84,56.18,45.54,34.68,29.55,40.3,25.78,25.1,27.31,12.54
1976M05,15.2,39.46,47.22,67.7,47.71,42.26,57.34,46.17,35.59,29.55,42.19,25.09,25.19,27.43,12.6
1976M06,15.24,41.23,49.98,73.64,50.25,50.22,58.44,42.87,37.29,30.35,44.88,25.09,25.13,27.35,12.84
1976M07,15.34,42.18,50.5,71.57,50.88,52.39,57.85,42.58,38.88,32.01,46.39,25.49,26.99,29.64,12.3
1976M08,15.36,41.5,49.56,77.1,48.05,50.26,54.88,38.98,39.22,33.51,45.47,25.83,26.74,29.34,11.32
1976M09,15.36,42.21,50.51,81.77,48.48,53.04,55.18,36.4,39.56,34.42,45.18,26.22,27,29.66,11.62
1976M10,15.71,41.81,50.64,88.63,46.93,51.68,52.54,35.6,40.35,34.82,46.39,25.95,25.51,27.82,11.66
1976M11,15.72,42.26,51.4,97.3,46.34,52.9,49.63,34.73,40.35,34.82,46.39,25.49,25.42,27.71,12.7
1976M12,15.74,43.44,53,105.92,47.34,54.48,50.6,35.01,39.85,34.82,45.34,25.26,25.9,28.3,12.91
1977M01,16.62,46.44,55.46,117.4,49.73,57.21,52.8,37.11,37.88,31.56,44.79,47.56,27.81,30.59,12.87
1977M02,16.67,48.46,58.4,132.14,51.1,59.39,52.52,38.91,38.63,32.27,45.58,45.89,28.37,31.29,13.24
1977M03,16.73,51.85,63.49,154.69,54.48,67.31,51.96,39.88,38.99,32.58,46,43.07,28.97,32.03,14.32
1977M04,16.7,52.77,65.9,156.82,58.13,77.04,50.3,40.35,38.54,32.16,45.52,31.58,28.24,31.13,14.3
1977M05,16.7,50.73,62.87,143.77,56.38,74.82,48.65,39.12,37.51,31.36,44.23,32.17,27.93,30.75,14.05
1977M06,16.76,48.31,59.25,138.71,52.03,66.74,47.43,36.82,36.41,31.3,42,32.48,27.66,30.41,13.46
1977M07,16.97,45.11,54.03,128.61,45.74,53.59,46.15,35.04,36.27,31.45,41.53,32.35,28.25,31.14,13.67
1977M08,16.95,43.46,51.6,120.31,43.65,49.43,44.44,35.33,35.96,31.32,41.04,32.78,28,30.83,13.71
1977M09,16.97,42.94,50.63,116.17,42.93,47.12,45.27,35.3,36.01,31.32,41.13,34.04,28.19,31.06,14.07
1977M10,17.03,42.48,49.85,107.24,43.49,47.16,46.97,35.51,36.14,31.63,41.07,33.83,28.35,31.27,14.89
1977M11,17.02,43.61,51.42,107.26,45.96,50.18,51.23,35.65,36.28,31.81,41.16,33.8,28.71,31.71,15.18
1977M12,17.03,44.65,52.66,104.91,48.58,53.03,53.92,37.88,36,31.5,40.92,33.42,29.49,32.67,14.98
1978M01,17.29,45,53.08,103.18,49.46,53.18,54.74,39.8,36.39,31.98,41.21,32.47,29.84,33.35,16.04
1978M02,17.27,45.39,53.84,99.75,51.05,53.9,57.54,41.44,37.25,32.58,42.36,32.44,29.53,32.97,16.43
1978M03,17.28,47.07,56.47,99.77,55.26,60.58,61.7,42.42,37.41,32.44,42.85,32.63,29.42,32.84,17.08
1978M04,17.29,48.13,58.2,102.15,57.32,62.28,64.6,44.19,38.01,33.4,43.05,33.1,29.17,32.53,16.42
1978M05,17.42,47.3,57.01,93.2,57.39,63.19,64.01,43.78,37.67,31.96,43.9,32.59,29.06,32.39,16.5
1978M06,17.53,46.72,55.92,93.14,55.58,62.39,62.53,40.32,37.84,31.65,44.6,32.78,29.45,32.87,17.18
1978M07,17.54,45.46,53.61,86.19,53.25,59.91,59.36,38.97,37.93,32.07,44.33,34.37,29.99,33.54,17.52
1978M08,17.59,45.94,53.84,89.37,52.4,58.21,57.13,40.46,39.26,33.4,45.68,34.93,30.99,34.78,18.85
1978M09,17.62,47.96,56.5,99.2,54.49,60.91,57.45,43.36,39.69,33.16,46.82,34.28,32,36.02,19.27
1978M10,17.67,49.29,57.96,100.55,56.21,62.68,58.81,45.34,40.58,33.66,48.14,33.93,33.25,37.56,20.71
1978M11,18.05,48.8,57.42,100.52,55.39,62.13,57.16,44.94,40.43,32.84,48.74,35.02,32.69,36.87,19.28
1978M12,19.47,48.61,56.95,95,55.79,63.12,55.25,46.64,40.42,33.7,47.77,34.85,33.05,37.32,19.47
1979M01,24.82,48.83,57.59,91.16,57.03,64.34,57.29,47.17,41.87,36.74,47.48,35.82,32.33,36.1,20.99
1979M02,28.09,50.92,58.91,88.08,59.18,67.69,58.01,49.04,43.42,39.12,48.14,36.19,36.21,40.88,23.34
1979M03,29.49,52.14,59.85,88.38,60.32,68.59,59.37,50.3,44.2,39.9,48.9,35.53,38.23,43.37,23.15
1979M04,29.93,52.95,60.65,93.83,60.37,67.06,59.96,51.93,44.49,40.18,49.2,36.38,39.02,44.34,22.97
1979M05,39.64,53.19,61.25,94.12,60.44,66.89,60.68,51.74,46.5,43.19,50.12,37.14,38.5,43.7,25.11
1979M06,43.65,56.23,65.69,108.02,63.18,70.25,65.72,51.58,50.27,49.23,51.41,38.23,38.86,44.15,26.64
1979M07,42.1,56.5,66.59,108.7,63.53,69.71,68.82,50.62,52.61,54.19,50.87,40.66,37.62,42.62,28.07
1979M08,43,56.07,65.37,105.25,61.77,66.66,67.07,50.54,53.84,56.74,50.67,42.52,38.53,43.74,28.65
1979M09,43.79,57.16,66.31,109.32,62.6,65.71,68.08,53.55,53.44,56.04,50.6,43.21,39.99,45.54,36.41
1979M10,46.02,57.34,65.45,106.93,62.75,63.61,68.94,56.01,50.92,51.22,50.58,45.35,42.08,48.12,41.56
1979M11,49.75,57.77,65.76,105.1,64.02,64.85,68.87,58.55,49.99,49.09,50.99,46.24,42.67,48.85,41.57
1979M12,48.19,58.97,66.55,105.31,64.94,64.81,69.33,61.12,50.76,49.64,51.99,48.81,44.58,51.2,51.22
1980M01,48.37,60.48,66.77,99.36,65.19,64.12,67.57,64.46,54.01,52.79,55.35,50.74,48.7,55.55,81.06
1980M02,46.84,62.81,68.94,99.21,67.49,64.17,69.34,70.19,57.06,55.18,59.1,50.59,51.63,59.16,77.17
1980M03,46.63,59.9,67,101.59,64.67,62.19,68.61,64.36,55.09,54.42,55.82,51.36,46.31,52.59,59.91
1980M04,46.93,58.53,65.84,98.48,63.87,60.02,67.54,65.61,54.02,53.98,54.05,53.54,44.11,49.89,48.11
1980M05,47.39,59.45,68.38,97.71,67.9,58.47,69.32,79.02,54.63,55.73,53.42,54.14,41.74,46.97,45.68
1980M06,46.9,58.48,67.66,94.53,67.4,57.34,70.15,78.15,54.61,56.03,53.05,52.48,40.35,45.25,54.29
1980M07,46.36,59.41,68.01,87.04,70.28,62.44,75.26,76.08,52.81,51.9,53.81,52.65,42.54,47.96,57.56
1980M08,42.49,60.07,69.07,79.79,73.39,62.74,78.63,82.65,53.13,50.7,55.8,52.34,42.5,47.9,56.12
1980M09,42.36,60.98,71.22,77.52,76.13,65.66,78.93,87.39,56.06,55.1,57.11,52.48,40.94,45.98,62.89
1980M10,47.16,61.03,71.55,76.15,79.24,66.74,80.03,94.96,50.53,45.23,56.34,52.46,40.44,45.37,62.35
1980M11,50.38,61,72.39,71.29,81.5,73.59,83.79,89.84,50.82,45.78,56.32,53.08,38.53,43.01,58.43
1980M12,49.61,57.87,68.35,71.58,74.85,68.78,81.5,76.82,50.9,46.06,56.2,54.55,36.75,40.82,50.88
1981M01,50.03,58.05,68.66,73.56,74.86,67.94,83.84,75.82,51.13,46.6,56.07,55.13,36.63,40.67,50.39
1981M02,48.38,56.74,66.49,71.71,72.07,65.94,82.36,70.8,50.27,46,54.94,60.32,36.36,40.34,44.99
1981M03,48.07,56.31,65.87,72.35,71.35,65.11,82.78,69.21,49.25,45.55,53.28,59.36,36.37,40.35,44.3
1981M04,47.47,54.58,64.56,72.24,69.84,65.07,84.57,62.78,47.81,44.7,51.2,41.24,35.62,39.43,43.25
1981M05,45.38,53.56,62.88,68.75,67.77,64.41,82.88,58.52,47.99,45.13,51.12,55.04,34.28,37.77,41.6
1981M06,43.32,52.21,61.34,59.79,67.35,63.63,82.12,58.88,47.52,44.73,50.57,54.84,33.19,36.43,39.58
1981M07,45.32,51.74,61.23,65.79,66.73,62.72,81.78,58.38,45.54,42.64,48.71,49.3,32.57,35.67,34.87
1981M08,46.12,51.09,59.68,69.18,63.74,59.25,78.18,56.58,44.96,42.1,48.09,45.92,34.05,37.49,35.28
1981M09,46.31,49.82,58.37,70.84,61.49,56.3,74.97,56.12,44.46,41.98,47.17,46.01,32.71,35.84,38.51
1981M10,47.02,49.06,57.62,70.72,60.2,55.75,72.18,55.22,44.68,42.77,46.78,45.7,31.89,34.83,37.33
1981M11,47.69,48.57,57.42,71.82,59.31,54.79,71.56,54.17,45.49,44.73,46.33,43.07,31.06,33.8,35.09
1981M12,47.25,48.12,56.44,71.89,57.88,54.15,67.18,54.37,45.1,45.41,44.76,41.51,31.79,34.7,34.8
1982M01,46.33,48.46,57.07,74.53,58.23,55.4,66.43,54.54,45.37,46.03,44.65,38.79,31.91,34.15,32.66
1982M02,41.93,48.12,56.58,76.34,57.41,55.3,64.51,53.76,44.54,44.42,44.67,41.43,31.53,33.68,32.28
1982M03,39.53,46.86,55.46,72.87,56.4,53.83,64.64,52.33,44.31,43.72,44.96,40.44,29.94,31.73,28.42
1982M04,43.65,46.45,55.19,68.96,56.74,55.24,64.68,51.54,44.4,43.28,45.63,39.11,29.37,31.01,29.8
1982M05,45.9,46.25,55.04,67.71,56.3,56.05,63.86,49.77,45.56,44.02,47.25,38.59,29.07,30.65,28.11
1982M06,45.29,44.05,52.81,65.72,53.81,53.36,61.25,47.66,43.82,41.62,46.22,36.75,26.91,27.99,25.79
1982M07,44.36,43.52,51.43,64.23,51.83,49.77,59.93,47.2,43.96,41.66,46.48,35.79,28.18,29.55,28.19
1982M08,43.53,42.68,50.1,64.79,49.74,46.99,57.55,46.3,43.48,41.57,45.57,35.88,28.25,29.64,30.42
1982M09,45.06,42.43,49.84,68.31,48.62,44.91,56.27,46.56,43.42,41.66,45.33,35.82,28,29.33,36.71
1982M10,45.91,41.49,48.42,69.08,46.54,43.41,52.4,45.34,42.49,40.89,44.24,36.24,27.89,29.2,36.31
1982M11,44.66,42.22,49.69,68.13,48.79,45.82,56,46.15,42.52,41.7,43.42,35.7,27.64,28.89,36.26
1982M12,42.01,42.71,50.26,68.98,49.19,46.56,57.69,44.97,43.32,43,43.67,35.66,28.03,29.36,38.91
1983M01,40.74,43.28,50.37,70.94,48.87,46.51,58.4,43.34,43.58,42.63,44.61,37.77,29.34,31.54,43.08
1983M02,38.89,44.55,51.14,72.35,50.13,46.24,61.09,45.32,42.83,39.06,46.95,37.63,31.83,34.6,45.27
1983M03,37.82,45.48,52.15,71.4,51.54,46.83,63.76,46.68,43.85,38.65,49.53,37.58,32.7,35.68,37.47
1983M04,39.41,47.16,54.26,72.47,54.38,50.11,65.93,49.54,44.69,38.98,50.93,35.49,33.93,37.2,39.25
1983M05,39.25,48.56,55.71,76.15,55.9,50.62,65.04,54.57,44.86,39.93,50.25,33.5,35.6,39.25,40.87
1983M06,39.96,48.33,55.4,78.66,54.67,48.6,63.74,54.43,45.36,39.51,51.76,35.41,35.29,38.88,38.11
1983M07,40.12,49.16,56.47,77.79,56.32,52.94,63.96,53.84,45.99,39.4,53.19,33.25,35.97,39.71,37.78
1983M08,40.52,52.56,61.36,78.65,63.7,68.27,68.32,53.52,46.88,40.46,53.9,32.63,36.77,40.7,38.66
1983M09,39.84,53.12,62.32,77.74,65.46,72.64,69.37,52.47,46.87,41.26,53.01,32.74,36.57,40.44,38.27
1983M10,39.19,52.85,62.43,80.19,64.5,70.84,68.53,52.51,48.36,44.04,53.07,34.41,35.31,38.89,35.09
1983M11,38.4,52.12,61.73,83.18,62.65,69.52,67.86,48.89,48.59,44.06,53.55,34.32,34.42,37.8,33.31
1983M12,38.01,52.3,61.77,87.96,61.53,69.29,66.16,47.13,49.05,44.87,53.61,34.23,34.93,38.43,34.06
1984M01,38.57,53.12,63.19,92.34,62.89,74.65,65.11,45.39,49.13,45.52,53.07,34.8,34.52,38.38,32.08
1984M02,38.96,52.43,62.29,89.54,62.14,72.96,63.17,46.97,48.79,45.15,52.78,35.01,34.18,37.96,33.88
1984M03,39.12,53.46,63.67,91.1,63.6,74.37,66.21,47.06,49.91,47.24,52.83,37.74,34.3,38.11,34.92
1984M04,39.13,53.47,64.26,92.69,63.84,74.59,66.98,46.84,50.82,49.48,52.29,35.29,33.41,37.01,33.71
1984M05,38.93,54.09,65.87,94.39,66.13,81.68,66.13,45.66,50.72,49.95,51.57,37.64,31.79,35.02,33.19
1984M06,38.34,51.96,62.79,90.51,62.74,72.84,65.86,46.61,48.81,48.24,49.43,38.94,31.25,34.35,33.01
1984M07,36.95,48.4,58.02,85.99,56.75,60.58,65,44.25,46.9,45.01,48.97,41.43,29.46,32.14,29.79
1984M08,37.17,47.75,57.14,86.62,55.65,58.2,64.83,44,45.77,43.02,48.79,42.02,29.13,31.73,29.91
1984M09,37.35,47.01,56.87,86.96,55.34,58.45,62.38,44.87,45.27,42.09,48.75,42.02,27.37,29.56,29.09
1984M10,36.78,46.23,55.58,84.62,54.22,58.34,59.85,43.7,44.12,40.73,47.83,43.26,27.39,29.59,29.17
1984M11,36.68,46.08,54.46,84.5,52.59,58.47,57.75,40.18,43.75,40.78,46.99,42,29.35,32.01,29.43
1984M12,35.91,44.78,52.86,82.29,50.87,55.86,56,39.66,42.75,39.67,46.11,41.8,28.53,31,27.15
1985M01,35.91,44.63,52.65,81.15,51.38,55.53,57.33,40.54,41.24,37.62,45.2,41.79,28.52,30.92,25.52
1985M02,37.33,44.61,52.41,80.16,51.64,54.84,56.96,42.61,40.16,36.8,43.82,41.59,28.97,31.47,25.24
1985M03,37.11,44.67,52.98,79.11,52.89,57.38,56.67,43.56,39.93,36.87,43.28,31.83,29.08,31.61,26.08
1985M04,36.92,45.12,53.2,78.59,53.12,57.65,56.73,43.88,40.5,37.76,43.5,32.3,30,32.74,27.39
1985M05,35.45,44.15,51.47,77.02,50.8,54.32,55.17,42.22,40.11,37.63,42.82,35.86,30.08,32.84,26.52
1985M06,35.3,42.79,50.23,75.97,49.17,51.52,54.69,41.06,39.73,37.11,42.59,33.49,28.59,31,26.45
1985M07,35.37,41.78,48.8,74.96,47.13,48.12,52.98,40.54,39.55,37.69,41.58,33.2,28.35,30.71,26.33
1985M08,35.9,41.04,47.89,74.96,46.03,44.37,50.02,44.61,38.64,37.17,40.23,31.94,28.04,30.32,27.39
1985M09,35.84,40.14,47.05,74.96,45.06,42.5,49.43,44.46,37.69,36.64,38.84,30.37,27.09,29.15,26.86
1985M10,36.57,39.95,46.93,76.92,44.39,42.65,48.99,42.51,37.88,37.98,37.76,29.74,26.77,28.76,27.16
1985M11,37.78,40.6,48.22,80.79,45.41,43.78,51.25,42.27,38.5,39.74,37.15,30.88,26.05,27.88,26.83
1985M12,34.27,42.57,50.62,92.9,46.27,44.95,52.23,42.62,39.7,41.47,37.75,31,27.35,29.48,26.63
1986M01,34.08,43.67,51.96,101.44,46.12,43.9,53.49,42.38,41,42.52,39.34,30.05,28.2,30.57,28.46
1986M02,25.35,42.89,50.9,97.46,44.79,40.42,51.66,44.31,42.09,43.24,40.83,29.26,27.99,30.32,27.8
1986M03,21.15,43.36,51.2,98.74,45.4,39.3,50.81,48.52,41.13,41.96,40.21,29.52,28.87,31.39,28.08
1986M04,19.64,42.65,50.27,93.63,45.51,38.32,49.9,50.99,39.79,40.85,38.64,28.63,28.62,31.09,27.35
1986M05,21.26,41.71,48.86,89.03,43.92,37.96,49.04,47.12,40.42,42.57,38.07,27.89,28.63,31.1,27.36
1986M06,18.62,40.35,46.57,80.32,42.61,37.85,46.91,44.98,39.04,40.89,37.01,27.41,29.06,31.63,27.47
1986M07,16.01,39.18,45.41,81.4,40.65,36.9,41.87,44.5,38.68,40.75,36.42,26.09,27.88,30.17,27.74
1986M08,20.43,38.97,45.15,83.47,39.9,35.06,39.75,46.39,38.42,40.07,36.62,26.45,27.73,30,29.89
1986M09,21.02,40.1,46.33,93.25,39.65,35.22,37.79,47.17,38.69,38.79,38.58,25.39,28.98,31.54,33.05
1986M10,20.53,39.86,46.29,86.17,40.7,38.08,38.1,46.49,39.61,38.33,41.02,25.32,28.33,30.73,33.38
1986M11,21.38,39.74,46.35,81.43,41.23,39.4,39.83,44.91,40.94,40.38,41.54,25.09,27.85,30.14,31.52
1986M12,22.73,39.48,45.85,74.9,40.52,38.25,38.82,45.05,44.03,44.65,43.36,25.12,28.04,30.38,30.84
1987M01,24.76,40.33,47.01,70.03,42.48,40.65,38.96,48.07,46.33,47.29,45.29,25.18,28.33,30.89,32.16
1987M02,23.58,40.96,47.15,68.53,43.08,39.75,39.76,50.45,46.19,46.81,45.51,26.4,29.91,32.83,31.69
1987M03,24.22,41.2,46.77,64.69,43.24,38.51,42.09,50.5,46.24,47.53,44.83,27.01,31.4,34.66,32.38
1987M04,24.17,42.06,47.71,67.15,43.88,40.99,42.93,48.56,47.14,48.08,46.1,27.86,32.07,35.5,35.94
1987M05,24.81,43.47,49.44,69.11,46.4,43.19,45.12,51.79,46.81,45.32,48.44,29.29,32.85,36.46,38.42
1987M06,24.91,43.39,48.79,64.97,45.94,44.57,43.24,50.17,47.51,45.49,49.72,29.69,33.87,37.71,36.68
1987M07,26.04,43.92,48.15,65.15,44.34,41.74,41.68,50.17,48.76,46.69,51.02,30.6,36.74,41.25,36.93
1987M08,25.1,44.84,48.39,64.56,43.36,41.04,41.6,48,52.4,52.71,52.07,30.58,39.16,44.23,37.9
1987M09,24.37,46.56,51.37,65.96,45.94,42.83,46.1,49.9,57.12,62.21,51.56,30.21,38.54,43.47,37.59
1987M10,24.86,48.1,51.94,67.21,46.82,44.34,48.08,48.93,56.64,63.1,49.56,31.04,42.15,47.92,37.86
1987M11,23.98,49.18,53.78,68.74,48.95,46.89,48.03,52.47,57.91,65.75,49.32,30.95,41.82,47.51,37.07
1987M12,23.41,51.07,54.62,67.92,51,50.72,49.49,52.75,56.65,63.48,49.17,31.35,46.01,52.68,38.3
1988M01,23.37,52.13,55.64,69.01,53.4,52.82,52.73,54.76,54.28,59.54,48.52,32.1,47.21,54.31,37.61
1988M02,22.04,51,53.77,69.06,52.29,49.02,54.43,54.64,49.6,52.19,46.76,32.82,47.37,54.51,34.97
1988M03,20.89,53.31,53.55,66.6,52.43,49.03,53.55,55.91,49.63,52.68,46.29,33.92,55.01,63.93,35.21
1988M04,22.71,53.85,54.21,65.81,53.13,51.29,53.36,55.35,50.92,55.01,46.45,32.84,55.51,64.54,35.84
1988M05,22.41,56.73,55.34,67.36,54.41,54.4,51.59,56.97,51.47,54.66,47.98,34.72,62.08,72.64,35.91
1988M06,21.66,62.64,60.76,67.2,63.2,66.44,61.99,60.05,51.56,52.49,50.54,34.92,69.65,81.97,36.44
1988M07,21.01,57.85,60.45,65.54,64,66.56,63.08,61.48,49.25,50.66,47.71,34.92,55.11,64.05,35.53
1988M08,21.14,56.3,57.2,60.96,60.5,61.98,61.61,57.55,47.27,48.27,46.18,38.4,56.5,65.76,34.79
1988M09,19.32,55.59,57.79,60.11,61.79,61.07,63.62,61.09,46.89,48.79,44.81,38.21,53.04,61.5,33.3
1988M10,18.61,56,57.5,60.9,60.5,58.91,63.61,59.78,48.45,52.64,43.88,38.42,54.92,63.81,32.81
1988M11,19.32,57.06,57.41,62.97,59.55,57.73,62.19,59.55,49.41,54.32,44.05,38.42,58.44,68.15,33.77
1988M12,21.8,58.77,58.23,66.46,59.97,57.93,62.22,60.62,49.82,53.49,45.8,36.99,62.34,72.96,33.52
1989M01,23.48,58.12,57.64,67.18,58.75,57.06,63.67,56.51,50.11,52.66,47.32,36.99,61.49,71.35,32.37
1989M02,23.02,56.98,57.54,65.04,58.82,55.79,63.62,58.47,50.63,52.71,48.35,37.59,58.02,67.07,31.23
1989M03,24.91,57.7,59.11,64.25,61.45,57.09,65.28,63.71,50.82,51.85,49.7,37.19,57.14,65.99,31.48
1989M04,26.07,57.25,59.07,63.66,61.16,55.16,65.21,65.41,51.64,50.83,52.53,36.05,55.92,64.48,30.95
1989M05,24.76,57.07,59.31,62.61,61.44,55.56,66.87,64.24,52.45,52.4,52.5,35.63,54.93,63.26,29.74
1989M06,23.91,55.28,59.44,58.52,60.04,54.16,65.67,62.68,58.44,64.08,52.27,35.15,49.05,56.02,29.31
1989M07,24.09,53.86,58.2,50.84,59.2,51.48,66.12,63.08,59.51,65.11,53.39,35.15,47.08,53.59,29.75
1989M08,23.32,52.95,55.98,47.68,56.41,45.33,62.95,65.09,59.13,65.04,52.67,30.48,49.28,56.3,29.05
1989M09,24,52.73,56.23,48.3,56.88,46.06,62.6,65.92,58.7,64.48,52.39,30.48,48.08,54.82,28.77
1989M10,25.37,52.9,56.23,44.3,57.38,46.53,62.62,66.92,59.49,65.85,52.53,28.71,48.82,55.74,29.13
1989M11,25.92,51.56,55.57,43.08,56.85,46.81,60.52,66.74,58.8,64.76,52.29,30.39,45.74,51.94,31.23
1989M12,27.11,50.52,55.08,42.59,55.95,45.71,61.09,64.78,59.3,66.68,51.24,32.11,43.27,48.9,32.27
1990M01,28.87,50.24,55.58,44.42,56.55,45.35,60.99,67.27,58.9,66.47,50.62,32.1,41.36,45.79,31.99
1990M02,27.12,50.17,55.81,46.58,56.08,44.29,61.74,66.46,59.87,67.58,51.44,32.49,40.59,44.85,32.5
1990M03,25.12,51.81,56.25,52.26,55.87,44.29,61.28,66.2,59.21,66.16,51.61,33.1,44.83,50.07,30.75
1990M04,23.24,51.93,56.58,52.8,56.39,43.85,62.76,67.13,58.95,64.72,52.63,33.73,44.47,49.63,29.5
1990M05,23.27,51.68,56.05,53.66,56.06,45.07,61.16,65.92,57.23,60.33,53.83,33.18,44.83,50.08,29.21
1990M06,22.21,50.77,54.9,49.89,54.54,43.05,59.49,65.18,58.3,61.35,54.97,33.4,44.28,49.4,27.98
1990M07,24.1,51.13,54.86,49.99,54.44,43.53,57.02,66.46,58.37,60.97,55.53,33.45,45.49,50.88,28.58
1990M08,34.12,52.17,54.38,50.97,53.81,44.37,55.36,64.81,57.5,60.98,53.69,34.84,49.6,55.95,30.78
1990M09,41.71,53.21,54.38,52.79,53.48,44.71,53.38,65.09,57.38,60.94,53.49,31.86,53.23,60.42,30.18
1990M10,44.11,52.19,54.35,51.73,53.41,45.8,54.44,62.49,57.97,62.9,52.57,38.73,49.27,55.55,29.17
1990M11,41.41,50.14,53.67,49.42,52.6,46.27,53.75,59.89,58.44,62.84,53.63,40.04,44.03,49.09,29.03
1990M12,36.11,49.6,53.79,50.34,52.96,47.52,53.59,59.54,57.56,61.12,53.67,40.36,42.07,46.67,28.63
1991M01,31.26,49.86,54.13,48.53,53.96,46.4,56.72,61.41,57.39,60.74,53.73,40.97,42.11,46.36,29.01
1991M02,26.32,50.16,54.65,47.79,54.92,45.63,58.54,63.87,57.46,61.19,53.39,41.1,41.98,46.19,27.41
1991M03,26.26,50.41,55.23,48.43,55.83,45.91,58.85,66.13,57.24,60.95,53.19,39.96,41.7,45.85,27.6
1991M04,26.11,49.79,54.62,47.32,54.39,45.06,57.54,63.8,58.91,64.58,52.71,40.25,40.96,44.94,27.31
1991M05,26.09,48.22,53.52,45.96,53.11,45.33,56.8,60,58.38,63.44,52.85,39.06,38.4,41.79,27.27
1991M06,24.73,48.19,53.89,44.44,53.22,45.17,56.24,61.06,60.35,67.17,52.9,38.57,37.58,40.77,28.18
1991M07,25.9,47.98,53.39,42.71,52.83,44.72,56.88,59.84,60.15,67.66,51.95,38.13,38.02,41.32,28.21
1991M08,26.36,48.32,54.27,43.23,54.01,46.14,58.4,60.38,60.51,68.94,51.29,37.88,37.32,40.46,27.06
1991M09,27.57,48.52,54.73,46.1,53.9,46.81,58.77,58.81,61.13,70.84,50.52,37.62,37.02,40.09,26.66
1991M10,29.43,48.33,54.8,44.87,54.41,47.28,59.38,59.3,60.79,69.66,51.1,37.54,36.3,39.2,27.39
1991M11,28.47,48.06,54.37,45.14,54.32,47.22,58.79,59.63,59.16,68.23,49.24,37.75,36.29,39.19,27.45
1991M12,25.58,47.65,54.29,45.14,54.28,46.9,60.01,58.81,58.95,68.02,49.03,37.39,35.19,37.83,27.4
1992M01,24.39,48.17,54.97,43.16,55.67,48.08,62.07,59.86,59.28,69.17,48.46,36.05,35.59,38.59,27.07
1992M02,24.2,48.49,54.73,40.01,55.46,47.39,63.82,58.5,60.46,72.03,47.81,35.78,37.12,40.48,27.11
1992M03,23.81,48.52,54.66,39.81,55.55,47.83,63.66,58.39,60.02,71.35,47.63,35.69,37.41,40.83,26.46
1992M04,25.43,48.22,53.89,38.71,54.07,47.15,60.82,57.06,61.19,72.47,48.85,35.7,38,41.55,26.02
1992M05,26.6,48.33,54.07,37.96,54.16,47.92,59.89,57.18,62.03,73.68,49.29,35.72,37.99,41.55,25.98
1992M06,27.89,48.49,54.27,37.06,54.82,49.34,59.76,57.55,61.71,72.39,50.03,35.72,38.08,41.65,26.22
1992M07,27.22,48.7,53.78,38.78,53.74,47.25,56.98,59.34,61.51,71.96,50.08,35.72,39.76,43.72,26.91
1992M08,26.99,48.52,53.53,38.83,53.82,46.37,54.31,63.18,60.31,71.45,48.12,35.95,39.66,43.6,26.1
1992M09,27.99,47.89,53.11,38.4,53.34,46.92,55.06,60.25,60.03,72,46.94,36.05,38.52,42.19,26.22
1992M10,28.09,46.4,52.19,39.78,51.71,46.56,54.16,56.27,59.67,72.61,45.51,35.6,35.75,38.79,26.13
1992M11,26.59,46.33,52.76,40.98,52.14,47.76,54.96,55.36,60.23,74.76,44.34,34.26,34.52,37.27,25.55
1992M12,25.37,46.66,52.84,42.7,51.99,48.28,55.16,54.02,60.06,75,43.72,33.71,35.44,38.4,25.5
1993M01,24.26,47.16,53.72,41.39,53.52,48.92,56.09,57.24,60.48,75.44,44.12,33.47,35.25,38.81,25.09
1993M02,24.93,47.37,54.18,41.14,53.33,48.07,55,58.75,62.87,79.53,44.65,33.42,35,38.5,25.08
1993M03,25.89,47.36,54.86,38.57,54.11,47.12,54.04,63.38,64.95,84.06,44.06,30.49,33.88,37.12,25.11
1993M04,25.98,47.6,56.03,37.61,53.76,47.1,52.66,63.53,70.92,96.05,43.42,29.67,32.34,35.23,26.19
1993M05,25.58,48.47,57.75,38.12,53.04,46.76,50.32,63.75,79.18,112.66,42.57,29.55,31.6,34.31,28.3
1993M06,24.41,47.96,56.69,38.56,51.26,46.63,47.59,60.67,79.1,113,42.03,29.44,32.17,35.01,28.51
1993M07,23.62,49.52,58.79,41.61,54.05,51.87,50.78,59.88,79.05,113.28,41.62,29.42,32.8,35.78,30.45
1993M08,23.76,49.22,58.56,43.83,53.47,50.57,51.23,59.32,78.4,112.5,41.1,29.55,32.32,35.19,29.41
1993M09,23.02,48.75,58.47,46.97,53.54,49.04,51.21,61.57,76.29,108.65,40.9,29.55,30.98,33.55,27.27
1993M10,23.32,48.43,58.6,46.1,54.14,47.3,56.04,61.41,75.82,108.21,40.39,29.76,29.68,31.94,27.96
1993M11,22.09,48.94,59.65,46.94,56.65,50.37,62.69,59.45,73.38,103.17,40.81,30.09,29.12,31.25,28.77
1993M12,20.53,50.15,60.74,48.14,58.59,53.88,66.08,58,72.37,100.43,41.69,31.05,30.6,33.07,29.8
1994M01,21.15,50.62,60.82,46.06,59.93,54.24,68.99,59.22,70.47,94.45,44.25,31.19,31.91,35.11,30.2
1994M02,21.1,51.22,60.98,46.38,59.73,52.32,66.59,63.28,71.45,93.79,47.01,31.22,33.48,37.04,29.99
1994M03,20.53,51.26,60.78,48.31,58.36,52.2,60.43,64.61,72.99,95.55,48.32,33.21,33.78,37.41,30.32
1994M04,21.58,51.29,60.98,48.32,57.21,52.35,58.92,62.05,76.58,101.21,49.66,34.05,33.38,36.92,29.8
1994M05,22.62,53.17,62.77,59.61,56.62,54.23,55.88,60.44,79.32,105.48,50.71,34.19,35.64,39.71,30.13
1994M06,23.29,54.53,63.81,66.4,56.25,55.55,55.16,58.15,80.85,107.9,51.26,34.19,37.83,42.4,30.37
1994M07,24.28,56.65,66.27,88.47,55.55,52.68,52.49,62.09,81.03,106.79,52.85,34.62,39.43,44.38,30.29
1994M08,23.07,56.44,66.54,84.84,57.06,55.33,54.71,61.47,80.26,106.45,51.62,31.97,38.52,43.25,29.88
1994M09,21.9,58.06,67.94,90.29,58.96,57.33,57.08,62.79,78.39,102.98,51.5,31.97,40.75,46.01,30.91
1994M10,22.5,57.3,65.74,84.27,57.61,56.23,58.14,58.94,76.06,97.17,52.98,32.21,42.85,48.6,30.74
1994M11,23.44,58.62,65.67,78.18,59.15,60.74,57.58,58.49,75.15,94.99,53.45,32.66,47.11,53.84,30.13
1994M12,22.45,59.22,66.1,72.12,61.21,61.44,59.22,62.7,74.94,91.15,57.22,32.66,48.11,55.08,29.42
1995M01,22.99,60.64,66.19,74.17,59.86,59.24,60.23,60.36,77.5,92.63,60.95,43.1,51.23,58.62,29.37
1995M02,23.58,60.23,66.99,74.22,61.23,59.13,60.2,64.94,77.31,89.17,64.34,45.63,48.01,54.65,29.2
1995M03,23.49,59.86,67.04,76.73,60.61,59.53,60.88,61.8,77.73,88.02,66.47,47.6,46.51,52.8,29.49
1995M04,25.33,59.81,66.61,75.51,59.39,57.48,60.39,61.01,79.61,91.01,67.15,49.57,47.03,53.44,30.9
1995M05,25.13,58.98,66.59,74.97,59.57,56.86,62.86,60.16,79.4,91.62,66.04,42.98,45.19,51.17,30.58
1995M06,24.12,59.03,66.42,70.32,61.79,57.89,68.16,61.17,75.69,91.49,58.42,33.11,46.81,53.17,30.55
1995M07,22.35,60.31,67.54,67.18,65.26,60.29,73.43,64.4,73.29,89.71,55.33,33.43,48.51,55.27,30.27
1995M08,22.72,59.76,66.56,70.05,63.81,58.48,72.03,63.38,71.46,86.84,54.65,33.43,48.8,55.62,30.31
1995M09,23.57,58.72,66.19,64.81,64.4,59.01,75.21,61.7,71.25,84.54,56.72,33.43,46.27,52.5,30.31
1995M10,23.02,58.92,67.32,63.22,66.3,61.2,80.22,60.4,71.88,85.02,57.51,33.57,44.58,50.41,30.23
1995M11,24.11,59.54,67.78,63.49,66.7,62.17,78.63,61.86,72.6,84.11,60.01,34.18,45.5,51.56,30.31
1995M12,26.11,59.03,67.19,56.23,67.01,63.36,80.27,59.8,73.2,84.95,60.36,34.28,45.1,51.06,30.31
1996M01,26.4,58.38,67.31,56.57,67.39,62.34,83.39,59.56,72.56,84.67,59.31,34.28,42.8,47.97,31.35
1996M02,28.36,59.18,68.6,60.11,68.66,60.92,86.55,62.64,72.77,85.11,59.28,34.66,42.63,47.76,31.88
1996M03,28.54,59.28,68.55,58.72,68.65,60.07,90.05,60.56,73.3,87.02,58.29,34.9,43.03,48.25,31.19
1996M04,28.93,61.4,71.34,61.34,72.23,64.84,94.24,62.05,74.25,89.06,58.05,44.98,42.9,48.09,30.87
1996M05,26.73,62.18,72.29,63.43,73.07,65.09,98.17,60.85,74.92,89.95,58.48,46.28,43.23,48.5,30.75
1996M06,26.16,59.86,70.65,61.87,70.95,62.32,93.4,61.99,74.38,89.01,58.37,46.72,39.22,43.55,30.12
1996M07,27.56,58.79,69.62,60.51,69.96,61.14,91.56,62.01,73.42,88.95,56.43,48.45,37.76,41.76,29.92
1996M08,28.01,58.47,69.02,61.17,68.96,63.02,85.81,61.52,73.16,89.2,55.61,48.92,37.91,41.94,30.24
1996M09,29.89,57.03,67.31,58.92,66.54,65.21,74.83,60.79,73.45,89.91,55.45,48.28,36.94,40.75,29.86
1996M10,32.33,55.32,65.19,59.66,63.12,61.59,69.91,59,73.02,89.77,54.7,47.03,36.01,39.6,29.62
1996M11,31.5,56.02,64.9,58.46,62.83,62.17,67.59,59.4,73.22,89.33,55.6,47.08,38.81,43.05,29.32
1996M12,33.86,55.94,64.47,56.51,63.21,63.03,67.77,59.33,71.56,85.32,56.5,47.35,39.43,43.81,28.73
1997M01,32.69,57.91,66.5,59.5,65.38,64.19,70.15,62.62,72.8,87.42,56.81,47.17,41.51,46.35,27.78
1997M02,28.44,58.92,68.02,66.52,66.25,65.07,69.91,64.49,73.09,87.86,56.93,45.24,41.81,46.72,27.52
1997M03,26.26,60.41,69.95,74.09,67.52,67.01,70.29,65.69,73.75,88.72,57.38,43.47,42.75,47.88,28
1997M04,24.59,59.62,69.49,77.42,66.46,67.52,69.15,62.62,72.84,87.94,56.32,41.42,41.43,46.26,27.12
1997M05,26.64,60.14,69.73,91.53,63.67,64.89,67.97,58.18,73.34,88.69,56.57,37.86,43.02,48.21,27.09
1997M06,24.85,58.58,67.5,84.17,61.31,61.63,63.56,58.85,74.04,89.41,57.24,37.19,42.72,47.84,26.99
1997M07,25.7,56.88,65,77.75,59.99,60.12,60.59,59.26,70.71,85.01,55.07,37.66,42.42,47.48,25.54
1997M08,26.47,56.46,64.13,77.23,60.04,58.74,61.56,60.39,67.39,79,54.69,35.97,43.06,48.27,25.67
1997M09,26.71,55.38,63.58,78.28,60.3,60.42,60.68,59.81,64.06,73.16,54.11,33.93,41.01,45.74,25.82
1997M10,28.42,54.27,62.38,74.26,60.62,62,62.38,57.22,60.63,67.03,53.63,33.86,39.95,44.43,26.23
1997M11,27.34,53.98,62.43,72.89,61.57,64.72,60.67,58.24,59.21,64.76,53.14,34.6,38.84,43.07,25.01
1997M12,24.2,52.84,61.59,77.61,60.57,63.19,60.19,57.46,55.93,60.43,51,34.69,36.96,40.75,24.57
1998M01,21.87,51.59,60.19,77.59,60.06,62.14,60.72,56.71,51.66,53.61,49.52,34.15,35.94,39.35,24.66
1998M02,21.01,52.13,61.34,77.55,59.95,62.32,61.23,55.67,56.49,62.38,50.04,32.9,35.42,38.72,26.08
1998M03,19.9,51.3,59.93,72.88,59.08,60.42,61.24,55.35,55.44,61.65,48.65,33.9,35.58,38.9,25.48
1998M04,20.39,51.66,60.28,72.17,60.2,59.58,59.62,61.55,54.4,59.69,48.62,36.19,35.73,39.1,26.38
1998M05,21.01,50.29,58.79,69.76,59.46,59.62,59.7,59.03,51.57,55.06,47.76,35.62,34.51,37.6,25.03
1998M06,18.55,48.35,56.52,65.04,57.42,56.06,58.77,57.99,50.01,52.37,47.43,34.74,33.14,35.9,24.24
1998M07,18.44,47.82,55.74,63.33,56.84,56.4,57.53,56.8,49.2,50.9,47.34,34.4,33.1,35.85,24.5
1998M08,17.69,46.85,54.37,64.06,54.35,54.7,53.06,55.06,49.51,52.72,46,34.19,32.85,35.55,23.66
1998M09,19.49,47.16,54.66,61.75,54.16,55.71,52.7,53.45,52.25,58.17,45.77,33.78,33.29,36.09,23.79
1998M10,18.4,47.1,55.13,60.74,54.82,56.3,55.48,52.27,53.02,59.83,45.57,32.58,32.28,34.85,24.2
1998M11,16.88,47.6,55.96,61.01,56.49,57.46,54.79,56.75,52.1,59.87,43.59,31.64,32.26,34.82,24.06
1998M12,15.2,46.52,54.93,60.22,54.73,56.74,54.28,52.5,52.72,62.12,42.44,30.9,31.06,33.34,23.83
1999M01,16.64,46.36,55.16,58.74,55.02,54.64,55.89,54.75,53.68,63.45,43,30.69,30.1,32.7,23.79
1999M02,15.61,44.75,52.7,55.83,51.59,50.05,52.97,52.37,53.79,63.52,43.15,31.81,29.93,32.49,24.19
1999M03,18.01,43.91,51.31,53.66,49.78,47.31,51.97,51.07,53.82,64.76,41.85,33.91,29.87,32.42,23.8
1999M04,21.45,43.9,50.57,51.58,49.03,48.13,49.95,49.39,53.78,65.29,41.19,32.34,31.53,34.47,23.43
1999M05,21.43,44.04,50.31,53,47.72,45.45,50.08,48.57,55.24,67.33,42.01,32.4,32.51,35.68,23.23
1999M06,22.18,43.55,49.94,52.41,46.62,42.14,50.72,48.81,56.75,70.46,41.76,32.16,31.73,34.71,22.05
1999M07,25.68,43.28,48.34,49.6,44.5,38.52,47.88,49.3,57.03,72.3,40.33,31.57,34.25,37.81,21.84
1999M08,27.65,44.16,49.3,47.36,46.47,41.91,48.25,50.85,57.16,73.56,39.21,31.85,35.02,38.76,21.96
1999M09,29.71,45.24,50.17,47.49,47.59,44.61,47.61,51.49,57.8,75.19,38.77,31.89,36.64,40.76,22.46
1999M10,29.6,45.05,50.06,48.99,47.14,44.75,46.15,51.19,57.7,74.84,38.94,31.45,36.31,40.35,25.68
1999M11,31.94,45.08,50,51.28,46.34,43.79,46.85,49.24,58.24,74.86,40.06,31.14,36.56,40.66,24.35
1999M12,33.09,45.4,49.86,53.2,45.86,42.85,46.82,48.94,57.9,74.93,39.28,31.26,37.86,42.27,23.72
2000M01,33.32,46.42,50.28,48.99,47.44,43.54,49.07,51.11,57.81,74.42,39.63,32.77,40.05,44.78,23.83
2000M02,36.15,46.53,50.37,46.07,47.91,43.59,49.7,51.98,58.54,73.71,41.96,34.59,40,44.72,25.03
2000M03,36.13,45.9,50,45.69,47.33,44.68,48.5,49.75,58.7,73.61,42.41,34.39,38.79,43.22,23.93
2000M04,31.3,45.48,50.36,44.4,47.98,45.6,47.85,51.21,59.19,73.87,43.13,33.6,36.8,40.77,23.54
2000M05,37.07,45.58,50.04,45.55,47.47,43.73,47.93,51.98,58.57,72.86,42.94,34.71,37.67,41.84,23.23
2000M06,40.51,44.95,49.14,43.57,46.46,41.97,45.29,53.44,58.49,73.23,42.37,36.74,37.29,41.37,23.98
2000M07,39.07,44.55,47.95,44.84,44.95,40.53,42.36,53.1,56.82,70.73,41.6,39.24,38.18,42.47,23.7
2000M08,40.63,44.42,47.71,41.07,45.16,40.16,42.12,54.48,57.29,70.73,42.59,41.03,38.05,42.31,23.2
2000M09,44.96,44.75,47.5,40.95,46.06,40.95,43.71,54.9,54.34,65.15,42.52,38.24,39.85,44.53,23.18
2000M10,43.27,44.09,47.56,40.3,46.41,39.5,46.52,55.4,54.05,64.5,42.63,37.78,37.68,41.85,22.87
2000M11,45.7,43.54,47.37,38.52,46.87,40.48,47.37,54.82,53.09,62.46,42.84,35.4,36.62,40.54,22.5
2000M12,42.48,44.42,48.08,37.25,48.58,42.72,49.31,55.62,52.37,61.19,42.72,34.92,38.01,42.25,22.84
2001M01,42.16,44.59,48,38.99,48.59,40.99,49.31,57.94,51.16,59.25,42.31,38.5,38.3,42.42,22.5
2001M02,40.68,44.01,47.44,37.04,48.1,38.47,48,60.84,51.13,59.69,41.77,36.24,37.87,41.88,22.14
2001M03,36.89,43.36,47.2,38.74,47.75,39.11,47.29,59.54,50.17,59.12,40.39,35.33,36.38,40.05,22.03
2001M04,38.21,42.79,46.62,38.07,47.16,37.97,46.08,60.24,49.66,58.83,39.63,34.82,35.82,39.37,21.86
2001M05,39.88,43.19,46.95,38.66,47.82,36.8,45.96,64,49.06,57.42,39.91,33.15,36.63,40.36,22.71
2001M06,38.45,42.64,46.83,36.51,48.32,38.31,45.28,64.23,48.47,56.76,39.41,33.33,35.1,38.47,22.45
2001M07,33.97,43.48,48.82,35.72,52.12,43.84,46.99,67.66,47.47,55.36,38.84,33.4,33.69,36.73,22.07
2001M08,35.01,43.08,48.67,35.85,51.83,44.79,46.95,65.5,47.54,56.3,37.96,33.65,32.67,35.47,22.19
2001M09,33.76,41.84,47.15,34.94,49.42,42.02,46.59,61.7,47.83,57.37,37.4,34.44,31.8,34.4,23.02
2001M10,28.61,40.01,44.87,34.77,46.79,39.92,45.87,56.68,45.32,54.27,35.52,34.67,30.65,32.99,22.99
2001M11,26.68,41.12,46.09,37.25,48.44,42.07,46.9,58.22,44.88,53.71,35.23,35.05,31.62,34.18,22.29
2001M12,26.25,41.44,46.31,38.27,48.47,42.57,47.5,57.12,45.14,54,35.45,35.77,32.08,34.76,22.57
2002M01,26.8,41.89,46.62,38.69,48.8,43.49,48.53,56.03,45.38,53.62,36.37,36.2,32.82,35.78,23.08
2002M02,27.75,41.96,46.64,40.19,48.1,41.74,48.26,56.32,46.38,55.33,36.59,35.95,33.04,36.04,23.88
2002M03,32.24,42.81,47.57,42.77,48.87,41.54,47.52,59.73,46.86,56.06,36.81,34.61,33.98,37.21,23.99
2002M04,34.72,42.66,47.58,43.02,48.53,41.77,47.11,58.72,47.59,57.68,36.55,33.47,33.63,36.77,24.62
2002M05,34.53,42.97,48.25,42.46,49.53,43.21,48.03,59.2,48.09,58.43,36.79,33.82,33.17,36.22,25.48
2002M06,32.79,44.3,50.02,43.08,51.16,45.62,50.54,58.99,50.78,61.16,39.44,34.45,33.7,36.87,26.14
2002M07,34.2,45.24,51.67,45.46,52.61,47.27,53.55,58.78,52.54,63.98,40.03,34.57,33.28,36.35,25.59
2002M08,35.23,45.35,52.44,45.63,53.27,48.73,56.74,56.1,53.87,65.83,40.79,36.45,31.83,34.56,25.08
2002M09,37.74,46.49,54.22,50.07,55.11,49.37,60.62,57.67,54.16,66.47,40.7,34.86,31.95,34.7,25.68
2002M10,37.81,46.62,54.33,51.62,55.11,49.45,59.93,58.2,53.81,66.31,40.14,34.61,32.17,34.98,25.42
2002M11,34.16,46.61,53.6,48.04,54.71,52.57,58.32,54.25,53.71,65.31,41.04,34.55,33.66,36.81,25.7
2002M12,39.7,47.38,54.66,49.35,55.79,53.49,56.12,58.54,54.61,66.18,41.97,35.54,33.78,36.96,26.65
2003M01,43.62,47.92,54.95,51.96,55.69,53.1,55.28,59.48,54.67,65.65,42.65,37.19,34.72,37.7,28.46
2003M02,48.25,48.34,54.93,52.99,55.25,53.08,55.24,58.11,55.15,65.25,44.1,40.49,35.71,38.93,28.56
2003M03,43.41,47.76,54.26,47.28,54.87,52.1,54.05,59.24,56.34,66.01,45.77,41.9,35.09,38.16,27.26
2003M04,37,46.93,53.79,47.87,54.29,52.83,53.55,56.87,55.58,65.68,44.54,39.06,33.76,36.52,26.34
2003M05,38.56,47.14,53.37,46.11,54.21,53.75,54.59,54.49,55,65.34,43.68,40.48,35.12,38.2,28.37
2003M06,40.36,47.02,52.86,42.95,53.99,53.53,53.59,54.95,55.17,65.22,44.18,41.44,35.69,38.89,28.23
2003M07,40.27,46.88,52.3,44.13,52.78,52.04,50.66,55.67,55.31,65.17,44.54,42.85,36.21,39.54,28.19
2003M08,41.75,47.62,53.12,43.76,53.85,51.76,53.02,57.36,56.12,65.79,45.54,42.62,36.9,40.38,28.95
2003M09,38.44,48.5,54.47,45.32,55.55,55.07,53.64,57.9,56.5,64.96,47.26,43.59,36.8,40.27,30.36
2003M10,41.11,51.11,57.44,43.37,59.75,63.98,54.14,59.26,59,65.72,51.65,44.72,38.83,42.77,30.26
2003M11,40.23,52.58,58.93,42.83,62.15,67.46,56.29,60.48,59.28,65.78,52.18,45.08,40.4,44.7,31.18
2003M12,43.77,53.28,58.83,45.04,61.85,66.67,57.74,59.23,58.49,65.05,51.31,45.91,42.73,47.57,32.78
2004M01,45.18,55.35,60.47,46.76,63.92,68.71,59.61,61.51,59.05,65.26,52.26,46.53,45.87,50.49,33.93
2004M02,44.12,57.13,62,46.49,66.17,71.74,60.78,63.73,59.74,66.54,52.3,43.16,48.75,54.04,33.49
2004M03,47.59,58.65,64.12,45.71,69.8,76.9,63.97,65.73,59.67,66.24,52.49,42.61,49.26,54.67,34.45
2004M04,47.78,58.39,63.66,45.38,69.11,73.64,65.65,66.29,59.71,66.46,52.32,42.3,49.42,54.87,34.12
2004M05,53.59,56.67,62.38,45.44,66.53,66.98,63.6,68.58,60.92,68.92,52.19,43.38,46.47,51.23,31.54
2004M06,50.8,56.39,61.13,46.66,64.2,60.17,61.39,72.04,61.02,70.04,51.15,46.58,47.8,52.88,32.07
2004M07,53.95,56.2,59.83,46.97,62.56,57.29,56.73,74.75,59.73,70.51,47.95,51.2,49.34,54.77,32.87
2004M08,58.14,55.59,59,48.75,61.13,55.82,55.64,73.09,59.06,70.37,46.69,53.82,48.79,54.09,33.43
2004M09,58.05,55.75,58.77,48.09,60.82,56.07,55.09,72.27,59.23,70.42,46.99,58.02,49.28,54.7,33.49
2004M10,66.84,56.09,57.95,46.93,59.69,54.27,54.69,71.35,59.31,70.96,46.58,61.61,51.65,57.61,35.09
2004M11,59.11,56.37,58.28,50.89,59.44,54.73,56.53,68.27,59.22,71.93,45.33,59.6,52.1,58.17,36.69
2004M12,56.14,56.58,58.62,53.6,59.77,55.12,57.68,67.77,58.38,71,44.59,54.26,52.66,58.86,36.46
2005M01,60.77,58.02,59.03,52.26,60.03,54.25,58.34,69.17,60.04,73.65,45.15,54.16,56.4,59.15,34.9
2005M02,61.98,59.79,61,56.11,62.14,54.37,57.71,76.36,60.74,73.62,46.65,54.33,57.94,61.05,35.26
2005M03,71.12,62.61,63.98,61.15,65.28,59.08,59.28,78.86,62.27,74.79,48.59,58.82,60.22,63.86,36.11
2005M04,70.25,61.4,62.48,59.15,63.29,57.83,57.61,75.62,62.22,74.51,48.78,62.4,59.05,62.42,35.71
2005M05,65.99,60.58,62.28,57.96,62.73,56.8,57.38,75.36,63.4,76.46,49.12,64.36,56.65,59.46,35.16
2005M06,72.91,60.6,62.15,57.72,62.36,58.83,57.15,71.7,63.9,76.51,50.11,58.84,57.62,60.66,36.02
2005M07,77.25,60.54,61.95,55.09,61.94,58.57,59.23,68.83,65.46,76.7,53.18,59.46,57.77,60.84,35.33
2005M08,86.78,60.7,61.15,53.71,61.02,56.3,58.97,69.09,65.24,77.85,51.45,57.55,60.14,63.76,36.25
2005M09,89.69,61.11,61.82,51.79,61.98,55.55,59.12,73.02,66.52,78.88,53.01,57.8,60.04,63.64,37.55
2005M10,86.04,62.21,62.67,52.53,63.13,55.5,61.35,74.78,66.72,78.44,53.92,58.53,61.68,65.66,38.95
2005M11,78.71,62.78,62.05,53.09,62.02,54.78,58.62,74.64,66.65,79.26,52.87,62.23,64.36,68.96,39.63
2005M12,83.15,65.16,63.43,54.11,63.66,55.48,60.75,77.06,67.62,79.66,54.45,59.21,69.37,75.14,42.49
2006M01,85.43,67.67,65.57,59.41,64.75,54.85,61.85,80.41,70.68,83.06,57.15,57.55,73.13,79.42,45.6
2006M02,80.26,69.79,67.55,59.46,67.44,55.18,64.84,85.92,71.94,83.19,59.65,59.21,75.58,82.76,46.33
2006M03,82.07,69.44,66.4,56.99,66.2,54.35,63.92,83.85,71.68,83.39,58.88,63.37,76.35,83.47,47.26
2006M04,91.3,73.18,66.56,58.39,65.83,53.93,65.09,82.16,72.47,84.37,59.46,63.99,87.8,97.48,52.88
2006M05,89.86,78.91,68.97,57.73,68.17,55.47,67.67,85.33,76.64,89.18,62.92,61.41,101.27,114.08,58.04
2006M06,88.45,74.87,67.69,57.27,65.78,55.73,67.88,77.1,77.62,87.75,66.54,58.62,91.46,101.67,50.43
2006M07,94.03,77.1,68.36,59.15,66.92,57.11,70.01,77.01,76.55,87.6,64.46,58.37,97.17,108.52,53.31
2006M08,94.71,77.42,68.32,60.53,66.57,58.38,69.06,75.08,76.55,89.72,62.15,60.3,98.01,109.67,54.14
2006M09,80.29,76.92,67.63,59.73,66.42,57.73,70.68,74,74.59,89.99,57.76,60.96,97.79,109.37,51.38
2006M10,76.99,79.17,69.24,58.85,69.33,59.69,76.98,75.09,74.29,89.47,57.69,60.11,101.7,113.91,50.27
2006M11,79.15,80.57,71.57,61.38,72.58,64.2,81.6,75.44,74.29,91.69,55.25,62.71,101.07,112.85,54.44
2006M12,82.23,81.64,72.68,64.23,72.89,66.34,80.68,74.45,76.45,94.63,56.58,66.39,101.77,113.71,54.76
2007M01,73.61,80.64,73.43,63.48,73.53,68.11,81.24,73.67,78.26,93.97,61.08,68.41,96.83,106.87,54.49
2007M02,79.14,82.68,75.37,64.33,75.94,70.91,84.54,74.77,79.59,93.9,63.94,73.75,98.69,108.46,57.74
2007M03,82.71,84.65,75.26,64.41,75.64,71.11,83.31,74.66,79.85,94.1,64.27,78.68,104.59,114.79,56.47
2007M04,88.76,87.98,75.69,66.17,75.45,73.37,79.19,74.82,81.1,95.41,65.45,77.38,114.38,126.42,58.64
2007M05,88.87,89.71,77.25,66.53,77.93,77.56,80.71,75.91,81.05,94.85,65.96,79.84,116.38,127.17,57.39
2007M06,92.82,89.38,79.8,69.7,81.53,81.29,85.78,78.01,80.71,94.61,65.52,80.62,110.02,119.15,56.61
2007M07,97.99,90.61,81.36,71.37,83.37,85.12,83.67,80.8,81.57,96.79,64.93,77.42,111.06,119.97,57.05
2007M08,91.38,89.09,81.74,68.4,84.7,86.41,86.5,80.81,81.34,96.53,64.73,77.43,105.49,110.59,56.43
2007M09,98.07,92.5,85.15,70.68,89.44,93.33,96.31,78.09,82.11,97.11,65.7,87.13,108.18,109.64,59.99
2007M10,105.72,96.23,87.54,72.05,92.78,100.42,98.87,77.21,82.7,96.24,67.9,92.91,114.42,114.23,63.65
2007M11,117.1,97.35,89.99,72.05,96.24,107.82,99.49,78.05,83.92,96.24,70.46,100.18,112.14,107.12,67.97
2007M12,116.28,97.02,92.45,75.44,99.85,111.35,108.18,77.19,83.12,94.27,70.92,106.56,105.31,99.49,67.5
2008M01,118.6,101.75,97.5,78.27,106.22,119.12,115.28,81.04,86.1,97.43,73.7,109.92,109.55,104.2,74.68
2008M02,124.4,109.68,105.54,87.17,116.07,129.05,130.13,86.28,89.28,101.51,75.92,114.34,117.66,115.35,79.16
2008M03,133.99,116.81,111.54,88.44,123.94,133.65,143.19,93.75,93.16,108.01,76.91,128.77,126.26,124.19,83.79
2008M04,143.13,119.5,113.58,85.39,127.58,133.73,156.64,93.19,93.9,109.59,76.73,174.07,125.45,123.39,78.27
2008M05,159.76,119.65,113.67,86.19,127.28,134.71,151.89,95.22,94.57,108.22,79.64,213.04,121.31,118.76,76.65
2008M06,172.74,120.89,117.13,92.12,131.17,140.96,154.84,96.86,95.74,107.31,83.09,214.57,117.98,116.09,76.59
2008M07,173.48,120.96,115.39,92.97,128.05,137.17,146.36,99.48,96.02,107.57,83.4,239.64,118.91,117.79,80.51
2008M08,147.61,113.05,106.67,90.58,116.1,116.44,136.63,97.07,91.95,102.45,80.47,256.06,109.9,106.97,70.07
2008M09,130.98,105.67,101.67,87.25,108.7,106.22,131.42,91.39,91.93,104.22,78.49,245.37,98.02,98.55,66.83
2008M10,100.5,88.16,87.37,74.41,91.16,84.6,108.01,84.54,84.76,103.32,64.47,242.16,72.29,74.97,62.9
2008M11,78.81,78.66,82.74,69.73,85.32,77.88,98.74,82.98,83.1,105.21,58.92,180.65,58.71,62.01,59.31
2008M12,64.38,73.84,80.25,71.9,82.23,75.01,95.17,80.01,79.7,103.62,53.55,162.44,50.63,51.25,63.21
2009M01,66.27,77.46,85.24,77.94,88.64,84.16,103.63,80.97,80.67,101.34,58.07,164.15,51.69,52.15,67.06
2009M02,61.8,76.84,84.52,77.79,87.7,82.62,100.39,82.91,80.22,99.69,58.94,165.59,51.01,50.82,74.6
2009M03,64.05,76.68,83.72,76,87.29,80.39,101.26,83.73,78.98,97.85,58.34,168.55,51.82,53.66,73.23
2009M04,66.52,79.16,86.57,79.35,90.58,88.76,99.94,84.52,80.49,97.4,61.99,142.71,56.74,60.4,70.64
2009M05,74.24,82.85,91.54,82.55,96.59,97.89,104.99,87.27,83.84,101.68,64.34,132.29,59.43,63.25,74.42
2009M06,85.8,84.31,91.48,85.22,96.93,96.56,107.38,87.94,81.43,97.3,64.09,119.84,65.57,69.39,76.31
2009M07,80.81,82.68,88.11,85.47,92.17,90.89,97.3,89.21,79.58,92.17,65.81,99.31,69.67,72.48,74.26
2009M08,88.64,88.37,91.28,89.32,95.6,97.86,92.51,95.43,81.77,92.65,69.86,95.28,81.63,85.04,76.33
2009M09,83.2,86.16,90.17,92.46,92.48,90.82,89.08,97.74,83.4,94.33,71.44,86.17,77.94,83.2,81.32
2009M10,90.89,88.1,91.81,95.45,93.55,91.39,92.72,97.13,85.73,95.91,74.59,87.76,80.53,85.41,85.17
2009M11,95.01,91.09,94.37,94.82,96.77,94.77,98.7,97.64,88.33,97.01,78.85,87.97,84.7,88.57,91.18
2009M12,95.04,93.55,95.28,96.8,97.55,96.46,99.47,97.26,89,94.14,83.38,90.82,90.29,94.54,91.58
2010M01,98.5,96.22,96.23,96.83,98.46,95.48,98.04,102.77,90.5,93.29,87.46,92.95,96.58,98.99,90.86
2010M02,95.6,93,93.72,93.16,95.37,92.84,93.71,100.19,90.01,91.8,88.04,96.69,91.11,91.97,87.59
2010M03,99.58,94.53,92.12,90.71,92.6,91.98,90.98,94.87,91.69,92.41,90.9,95,99.42,100.27,90.05
2010M04,104.85,98.02,93.39,94.58,91.71,92,88.62,94.12,96.87,94.87,99.05,92.46,108.15,105.8,93.42
2010M05,95.68,93.5,92.56,94.85,90.39,90.81,87.63,92.32,96.69,96.97,96.37,88.18,96.02,92.62,97.19
2010M06,95.1,91.13,92.45,98.99,89.11,88.64,81.96,96.22,97.22,97.97,96.4,85.4,89.09,86.91,98.81
2010M07,94.88,93.54,95.73,103.16,93.82,92.65,89.04,99.68,96.59,101.85,90.85,92.29,89.2,89.8,95.76
2010M08,96.45,99.04,99.79,103.29,99.27,100.59,98.13,98.59,99.28,105.34,92.65,98.26,97.59,97.11,97.64
2010M09,97.23,102.92,103.79,102.85,104.65,103.34,109.28,102.19,102.16,105.14,98.9,107.42,100.64,101.62,103.28
2010M10,102.19,108.71,108.72,103.27,110.38,109.8,116.43,105.66,107.46,105.96,109.1,112.35,108.27,109.78,110.66
2010M11,106.09,112.08,113.04,106.77,113.97,117,119.25,105.2,113.96,107.67,120.84,118.16,109.43,109.99,115.39
2010M12,113.85,117.3,118.46,111.57,120.27,124.87,126.92,108.19,117.58,106.73,129.44,120.83,114.52,115.15,119.36
2011M01,120.13,122.77,123.85,116.4,125.15,130.6,131.58,112.16,124.47,108.41,142.03,120.67,120.81,120.33,116.83
2011M02,127.44,128.11,129.92,124.63,129.26,132.23,140.63,115.06,134.23,111.31,159.29,115.48,125.82,125.24,119.95
2011M03,138.37,123.96,125.91,124.81,123.63,125.07,134.78,111.64,131.99,111.93,153.94,111.73,121.37,122.59,127.65
2011M04,148.26,125.85,127.46,124.74,125.11,123.37,142.91,111.29,134.56,114.18,156.84,110.52,124.29,124.6,137.83
2011M05,139.06,121.61,123.87,122.49,123.29,123.03,142.4,106.33,125.99,118.59,134.09,108.36,118.49,117.82,134.79
2011M06,138.72,121.92,123,118.79,123.31,121.28,141.76,109.27,124.37,122.53,126.39,146.02,116.98,116.94,134.37
2011M07,141.94,123.23,122.65,119.15,123.99,121.87,138.69,113.46,121.19,123.21,118.99,153.45,120.99,121.54,139.1
2011M08,134.6,121.86,123.44,117.82,125.49,121.89,144.88,112.67,121.32,125.14,117.13,155.85,114.77,113.16,153.29
2011M09,135.39,118.9,121.38,114.83,123.28,117.58,142.43,113.42,120.1,123.51,116.36,160.61,109.08,106.19,151.97
2011M10,133.59,111.61,115.34,106.69,117,109.47,134.92,110.7,115.69,122.24,108.53,160.82,98.39,97.29,139.01
2011M11,133.97,108.58,112.02,103.59,116.13,110.18,134.97,106.9,106.32,114.01,97.91,158.79,95.84,96.52,144.79
2011M12,131.09,106.31,109.43,97.76,114,109.95,128.36,106.36,104.24,112.39,95.32,149.11,95.08,95.44,135.6
2012M01,134.11,108.76,111.13,98.71,115.96,113.56,129.4,106.96,105.72,111.33,99.6,138.56,100.5,101.51,136.91
2012M02,142.79,111.34,113.37,97,119.07,117.05,130.96,110.97,107.85,111.06,104.34,139.33,104.01,105.81,146.28
2012M03,147.88,111.87,114.54,92.19,122.54,122.58,132.79,113.22,106.46,109.77,102.85,136.91,103.54,104.56,140.78
2012M04,142.43,111.81,114.75,91.3,123.15,129.17,129.66,109.32,106.26,110.41,101.71,154.34,100.95,100.89,137.6
2012M05,132.28,109.49,112.9,92.52,120.58,125.24,131.71,104.37,104.6,111.08,97.51,161.1,96.63,97.32,130.91
2012M06,115.97,106.07,110.53,88.69,119.92,122.19,132.52,105.54,98.81,108.01,88.76,152.75,91.63,91.47,130.78
2012M07,124.56,109.83,118.44,94.19,132.12,135.09,153.58,108.77,97.55,107.15,87.04,118.64,91.19,91.99,129.94
2012M08,135.38,109.26,118.07,93.71,132.36,137.67,153.69,106.07,95.74,106.84,83.61,140.41,87.65,90.89,133.57
2012M09,135.21,111.17,118.11,95.46,131.08,136.65,151.2,105.53,98.14,108.71,86.57,140.68,93.59,99.49,145.71
2012M10,134.15,109.04,114.94,91.95,126.46,125.13,151.43,105.59,98.64,108.02,88.38,134.99,94,97.69,145.45
2012M11,132.33,107.12,112.56,88.86,123.83,119.64,151.86,103.98,97.21,107.94,85.48,138.42,92.42,94.72,143.35
2012M12,132.37,108.36,112.13,87.02,122.75,120.17,147.25,103.96,99.1,108.99,88.29,136.62,97.42,99.59,140.18
2013M01,135.93,108.48,111.19,86.17,121.25,118.45,144.8,103.63,99.46,106.49,91.78,131.82,100.29,99.61,138.71
2013M02,139.79,108.22,110.02,83.89,120.76,118.88,142.85,103.24,97.21,102.8,91.1,136.41,101.34,100.25,135.28
2013M03,132.54,105.18,109.01,83.54,120.02,115.27,143.02,105.47,95.19,100.41,89.48,129.71,94.55,94.23,131.46
2013M04,126.61,102.06,106.74,84.59,116.43,111.97,136.09,104.5,94.44,100.81,87.48,117.32,90.73,89.93,121.37
2013M05,126.3,101.75,107.08,84.76,116.73,109.62,140.02,104.99,95,99.93,89.6,123.66,88.32,89.08,114.46
2013M06,125.71,100.51,107.1,80.65,117.55,112.79,138.72,104.66,95.14,101.87,87.78,114.45,85.41,86.97,108.07
2013M07,129.89,98.9,104.71,81.51,114.42,111.35,132.26,102.32,92.92,99.74,85.46,110.33,85.67,85.31,103.02
2013M08,133.04,98.68,102.61,82.53,110.29,109.27,120.84,102.07,94.16,101.78,85.83,107.23,89.64,88.63,109.48
2013M09,133.77,98.02,102.6,82.6,109.85,115.2,111.46,101.34,95.18,103.29,86.31,102.14,88.15,87.26,109.83
2013M10,131.75,98.34,102.86,83.06,110.08,115.3,111.86,101.59,95.39,104.71,85.21,98.31,89.07,88.65,107.1
2013M11,130.35,97.48,102.06,81.51,109.16,116.91,109.17,98.97,95.25,104.28,85.37,99.75,87.82,86.51,103.43
2013M12,134.15,97.9,102.2,84.78,108.57,117.06,107.94,97.96,95.59,104.82,85.5,101.25,88.71,87.7,98.83
2014M01,131.22,97.06,100.96,85.8,106.52,113.5,106.36,97.49,95.17,105.22,84.18,105.67,88.08,88.13,100.6
2014M02,133.97,97.91,103.21,94.55,108.29,113.12,111.31,99.19,95.26,106.04,83.48,105.61,86.16,86.85,105
2014M03,130.67,99.95,108.07,103.23,113.83,119.28,115.63,105.01,96.55,106.29,85.91,102.6,82.98,84.45,107.28
2014M04,130.68,99.97,107.31,106.13,112.31,116.44,114.18,105.2,95.76,106.86,83.61,94.91,85.48,87.09,103.93
2014M05,132.33,99.53,106.88,105.07,112.05,114.26,113.77,107.59,95.23,107.55,81.75,96.03,84.85,88.54,103
2014M06,134.32,98.06,104.66,103.14,109,110.51,107.35,108.51,94.87,107.79,80.75,99.5,84.36,89.19,102.89
2014M07,127.95,97.97,102.61,104.28,105.68,104.67,101.12,111.15,94.29,108.72,78.51,100.48,88.18,93.37,105.94
2014M08,122.39,96.88,100.94,106.86,103.8,100.81,98.77,112.28,90.98,106.57,73.92,101.44,88.03,93.74,103.75
2014M09,117.44,93.96,97.81,104.85,100.27,95.6,92.49,113.44,88.26,103.69,71.38,102.79,85.07,91.72,98.57
2014M10,106.77,92.89,97.31,106.82,99.54,94.84,92.62,112.01,87.03,102.33,70.31,103.53,82.62,88.9,96.34
2014M11,97.3,92.86,97.15,101.43,101.22,97.55,96.97,109.88,85.1,99.32,69.54,103.35,82.86,90.37,92.12
2014M12,79.8,90.59,95.71,99.02,99.69,95.62,98.43,106.18,84.37,98.08,69.39,101.78,78.83,86.25,94.05
2015M01,63.75,87.68,93.67,97.14,97.15,92.54,95.38,104.81,83.46,95.9,69.85,101.36,73.85,80.15,98.17
2015M02,73.77,86.14,91.99,94.72,94.29,90.1,93.8,100.23,85.02,96.64,72.32,101.7,72.37,79.19,96.15
2015M03,71.15,84.5,89.8,89.36,92.43,87.82,92.62,98.33,83.64,94.64,71.61,100.88,71.78,79.21,92.44
2015M04,73.36,84.19,89.45,91.2,91.47,85.46,90.7,100.07,83.68,94.56,71.78,95.16,72.14,80.57,93.85
2015M05,79.26,84.87,89.28,93.82,89.67,85.42,87.35,97.37,86.01,96.95,74.03,95.41,74.64,82.38,94.27
2015M06,76.68,83.55,89.08,96.75,88.9,86,86.33,95.04,85.64,96.97,73.25,100.19,70.31,76.68,92.37
2015M07,69.97,82.31,89.42,97,89.92,86.8,88.85,94.99,84.36,97.06,70.48,99.81,65.75,72.68,87.87
2015M08,60.27,78.81,85.61,94.43,84.68,80.86,81.64,92.45,83.38,97.26,68.19,98.44,62.65,68.26,87.05
2015M09,60.31,77.96,83.86,92.32,82.89,79.39,80.51,89.65,81.9,96.53,65.9,99.61,63.4,69.06,87.26
2015M10,60.51,78.02,84.76,93.31,84.24,81.38,82.96,89.15,81.69,96.47,65.53,95.47,62.22,68.21,90.48
2015M11,55.87,75.99,83.7,93.9,82.91,78.3,82.03,89.76,80.46,95.4,64.12,96.56,57.83,63.81,84.39
2015M12,48.3,75.47,83.66,93.46,83.03,78.27,82.61,89.68,80.2,94.45,64.62,96.25,56.31,62.95,83.35
2016M01,40.86,74.03,82.3,86.05,83.11,77.99,82.77,90.16,78.43,92.15,63.43,90.32,55.21,61.37,84.73
2016M02,42.84,74.6,82.53,84.82,83.82,79.84,82.61,90.14,78.26,92.24,62.96,80.3,57.68,63.63,92.31
2016M03,48.74,76.99,84.41,88.42,85.85,81.71,82.9,93.96,78.89,92.12,64.42,82,61.19,66.46,95.59
2016M04,52.28,78.83,86.89,89.81,88.46,86.97,84.31,94.19,81.6,93.21,68.9,81.36,62,66.7,96.3
2016M05,57.65,79.95,89.62,90.92,92.47,92.4,85.9,98.5,82.05,94.45,68.5,81.09,59.98,65.14,98.12
2016M06,60.23,81.64,92.57,93.75,96.83,96.66,88.83,104.31,81.62,93.57,68.55,72.54,60.26,65.98,99.32
2016M07,57.28,81.37,90.35,95.43,93.32,92.04,82.48,104.8,80.55,88.56,71.78,76.65,63.49,69.13,105.9
2016M08,58.42,80.54,89.15,94.59,91.55,91.85,77.7,103.69,80.53,89,71.28,72.69,63.78,68.9,105.81
2016M09,59.09,79.9,88.61,95.14,90.54,90.34,75.43,104.46,80.61,89.01,71.42,73.05,62.83,68.22,104.58
2016M10,64.39,79.52,87.39,95.07,89.35,88.37,75.53,103.16,78.72,84.58,72.32,72.97,64.13,69.62,98.99
2016M11,60.93,82.23,87.88,94.16,89.92,88.91,75.06,104.71,79.71,84.05,74.96,74.51,71.53,76.5,96.96
2016M12,69.59,82.74,87.66,87.36,90.29,92.19,74.7,101.9,81.41,82.84,79.86,75.03,73.54,77.88,90.82
2017M01,70.23,84.3,89.47,88.61,92.13,93.11,77.89,103.74,83.43,82.24,84.73,76.79,74.54,79.06,93.58
2017M02,70.1,85.24,89.28,85.58,91.74,90.8,78.11,105.3,85.17,83.42,87.09,76.75,77.94,81.8,97.29
2017M03,65.94,84.01,87.68,84.31,90.41,87.75,77.4,105.68,82.77,82.68,82.86,76.45,77.34,81.35,96.74
2017M04,67.44,82.31,86.81,82.8,89.42,86,78.8,103.54,82.5,84.69,80.1,73.74,74.04,80.06,99.37
2017M05,64.87,82.42,88.15,82.41,91.82,87.21,83.42,105.48,82.16,85.77,78.21,68.51,72.24,79.08,96.77
2017M06,60.61,81.64,87.11,82.03,91.52,85.31,86.6,104.15,79,85.37,72.03,70.26,71.71,79.22,97.85
2017M07,62.91,83.01,87.5,83.4,91.68,86.76,85.43,103.8,79.44,86.02,72.24,68.92,75.39,82.12,95.61
2017M08,66.41,83.76,85.55,83.62,88.5,85.93,78.49,100.94,79.37,86.41,71.67,70.75,81.56,88.39,99.4
2017M09,70.74,84.59,86.1,82.56,89.21,87.64,79.61,99.98,80.34,87.97,72,74.08,82.68,90.5,101.81
2017M10,73.28,84.44,85.3,82.63,88.6,87.79,79.08,98.29,78.64,87.01,69.48,78.09,83.39,92.95,99.06
2017M11,78.95,84.81,85.58,81.78,89.19,87.22,80.33,99.8,78.74,87.12,69.58,82.68,83.46,92.62,99.28
2017M12,80.83,84.23,84.85,77.58,88.2,85.32,81.4,98.15,80.4,88.02,72.07,74.1,84.11,92.15,97.35
2018M01,87.41,87.1,87.03,78.19,90.64,87.01,86.09,99.53,82.76,90.37,74.44,75.45,88.57,96.99,102.67
2018M02,82.11,88.26,88.67,79.2,92.92,90.91,86.86,101.04,83.16,91.9,73.61,77.7,88.61,96.86,102.11
2018M03,82.81,87.86,90.04,82.33,94,92.74,89.11,100.07,84.36,92.22,75.76,78.28,84.47,92.9,101.56
2018M04,88.4,89.55,91.66,84.32,96.09,94.13,93.65,100.89,84.63,92.42,76.12,78.59,86.45,96.06,102.3
2018M05,94.6,89.73,91.85,85.46,96.79,92.24,94.41,104.91,83.09,89.01,76.62,77.4,86.79,96.43,100.13
2018M06,93.67,87.93,88.94,80.98,93.38,86.49,90.48,105.06,82.19,88.01,75.83,78.03,86.98,96.83,98.74
2018M07,93.03,84.14,86.35,79.64,89.97,83.15,86.67,101.94,80.96,87.12,74.22,82.64,79.77,88.03,95.08
2018M08,91.99,82.71,84.84,75.32,88.71,81.61,90.4,96.51,80.28,85.74,74.31,84.57,78.12,85.58,92.05
2018M09,98.72,81.15,82.65,73.73,85.62,79.27,85.8,93.82,79.95,86.45,72.84,86.7,77.44,84.54,91.17
2018M10,100.22,82.28,83.39,77.45,86.37,79.29,87.37,94.79,79.15,86.09,71.56,88.15,79.35,86.1,92.6
2018M11,84.44,81.13,82.23,77.57,84.81,76.64,85.85,94.61,78.35,85.41,70.63,93.12,77.5,83.84,92.74
2018M12,74.9,80.8,82.63,74.8,86.08,76.6,88.39,96.44,78.26,84.53,71.4,89.43,76.07,82.73,94.91
2019M01,76.2,81.18,83.5,75.25,86.97,78.44,88.45,96.84,79.28,86.18,71.74,86.82,75.77,81.25,98.37
2019M02,80.09,82.65,83.76,74.28,87.45,78.51,89.97,96.92,79.62,86.51,72.08,84.84,80.12,84.68,100.37
2019M03,82.22,82.45,83,72.58,86.2,75.99,87.63,98.32,80.55,87.22,73.27,84.28,81.1,86.17,98.72
2019M04,86.43,82.67,83.08,74.75,85.97,75.52,86.71,99.03,80.32,86.44,73.62,84.71,81.6,85.64,97.63
2019M05,85.18,81.19,82.24,74.69,84.99,73.61,88.88,96.45,79.41,85.79,72.44,84.42,78.65,80.97,97.01
2019M06,76.34,82.58,84.49,76.81,88.06,75.75,95.57,97.46,79.72,85.33,73.58,83.78,78.53,79.42,102.1
2019M07,77.04,82.53,83.26,78.05,86.86,75.37,92.96,96.45,77.15,84.29,69.35,82.71,81.03,80.71,106.3
2019M08,71.59,79.31,80.77,73.64,84.69,76.31,86.12,94.43,74.87,83.04,65.94,81.75,76.05,78.89,113.23
2019M09,75.56,79.58,80.77,74.91,84.21,75.95,85.02,94.34,75.39,83.8,66.19,77.84,77.32,80.46,114.93
2019M10,72.67,80.28,82.28,76.07,86.3,77.62,88.13,96.07,75.66,85.1,65.34,77.73,76.46,80.12,113.35
2019M11,76.62,82.07,85.31,80.41,89.91,80.9,88.18,103.32,76.62,86.22,66.13,75.04,76.22,80.39,111.38
2019M12,79.08,83.64,87.26,82.12,92.17,85.56,89.87,102.93,77.97,87.26,67.81,72.63,77.47,80.71,111.93
2020M01,76.06,84.33,88.31,80.62,93.87,87.88,93.64,101.96,78.73,87.08,69.6,70.84,77.7,80.5,118.03
2020M02,66.31,81.26,85.84,79.52,90.51,83.15,91.86,98.98,77.7,86.36,68.22,71.03,73.02,76.02,120.2
2020M03,42.65,78.18,83.07,75.99,88.03,80.84,92.49,93.45,74.63,84,64.38,73.33,68.71,70.5,116.65
2020M04,31.63,76.08,81.34,77.22,85.62,77.78,94.53,87.88,73.02,84.09,60.91,73.7,65.55,67.29,122.6
2020M05,39.25,76.64,81.36,77.89,85.43,75.17,88.23,96.4,73.25,83.63,61.9,67.44,68.01,68.89,125.87
2020M06,48.52,79.71,83.36,77.33,88.32,80.13,88.91,98.54,74.38,84.64,63.16,66.8,73.68,74.34,128.34
2020M07,51.65,82.13,84.3,78.41,89.2,83.75,90.13,95.53,75.38,85.53,64.27,69.84,79.09,80.18,138.44
2020M08,54.3,85.57,87.13,85.61,91.17,88.24,91.06,95.12,78.08,88.01,67.21,75.96,83.48,83.59,152.33
2020M09,51.17,87.89,89.85,87.1,95.16,94.41,97.65,93.89,78.35,87.36,68.51,76.86,85.12,85.18,148.11
2020M10,51.62,89.41,92.02,81.45,98.8,100.96,102.76,92.39,80.92,87.41,73.83,76.59,85.49,86.28,145.25
2020M11,55.3,93.27,95.62,81.17,104,110.13,104.8,95.21,82.59,88.77,75.84,77.14,90.28,91.45,143.02
2020M12,63.75,97.9,98.1,82.2,107.34,115,108.11,96.57,83.72,90.04,76.8,78.83,99.65,98.04,143.59
2021M01,69.88,102.31,103.12,82.57,115.02,123.16,119.95,99.85,84.65,91.08,77.62,82.96,102.84,99.71,145.12
2021M02,80.38,104.99,104.57,83.37,116.63,123.59,123.18,101.57,86.04,91.8,79.75,100.07,106.39,105.02,142.95
2021M03,80.77,105.77,103.69,83.45,115.31,122.48,119.44,102.14,85.74,91.14,79.84,104.17,110.22,109.04,135.64
2021M04,80.8,108.92,106.21,84.15,119.84,125.03,123.65,109.57,84.3,90.96,77.02,101.56,115.32,113.47,138.39
2021M05,86.28,116.12,111.96,88.86,127.64,133.56,133.68,114.4,85.61,92.13,78.47,106.07,125.79,121.93,145.84
2021M06,93.92,114.37,109.24,89.97,123.38,125.67,128,116.19,84.67,91.7,76.99,119.77,124.27,118.99,144.18
2021M07,98.29,114.15,108.39,92.59,122.28,126.11,122.74,116.82,82.68,90.54,74.09,126.96,124.52,119.34,141.17
2021M08,96.32,113.24,109.45,97.11,122.92,127.2,120.73,119.26,83,90.6,74.69,130.75,119.04,120.87,137.99
2021M09,107.18,112.33,109.2,100.93,121.81,126.29,118.27,119.13,82.75,90.22,74.58,129.49,116.81,124.12,136.52
2021M10,123.37,116.81,111.56,104.28,124.06,131.38,121.17,117.03,84.89,89.45,79.9,171.53,121.38,130.01,136.93
2021M11,115.01,116.7,113.15,106.33,125.94,131.38,125.93,118.78,85.53,88.11,82.71,204.51,114.02,125.18,140.54
2021M12,112.37,118.17,113.91,108.21,127.31,129.4,129.15,122.9,84.24,87.38,80.8,208.01,116.72,125.21,136.82
2022M01,121.31,123.69,118.69,109.69,133.82,141.26,133.23,124.58,86.48,88.44,84.35,200.61,125.23,133.22,139.13
2022M02,131.27,128.89,124.01,111.76,141.36,154.87,138.64,126.05,88.09,88.3,87.86,196.86,131.18,138.91,142.16
2022M03,163.19,139.06,132.81,105.01,157.35,172.76,158.69,135.87,87.31,85.87,88.89,232.53,141.28,149.89,149.63
2022M04,153.19,139.93,134.46,110.05,158.87,167.76,164.6,142,87.56,83.54,91.96,254.97,138.09,146.09,148.05
2022M05,160.58,133.49,133.92,106.43,159.04,165.21,169.04,141.87,86.86,80.7,93.59,223.11,122.46,130.01,139.94
2022M06,170.72,128.07,128.95,108.3,151.5,155.77,157.93,140.06,84.67,79.36,90.48,221.21,115.7,121.77,138.85
2022M07,168.76,116.68,119.4,105.69,138.63,135.34,144.83,137.34,79.64,77.32,82.17,213.08,100.15,106.13,129.75
2022M08,171.07,116.89,118.13,110.52,136.41,134.38,138.38,137.31,77.56,77.5,77.64,209.86,103.81,110.6,132.46
2022M09,157.28,114.85,117.17,109.97,136.52,129.28,147.95,135.68,73.83,73.26,74.45,222.51,97.87,104.71,126.35
